case_id,language,similarity_category,expected_similarity_min,expected_similarity_max,llm_model,llm_provider,response_time_seconds,classified_similarity_percent,expected_similarity_percent,coincidence,true_positive,true_negative,false_positive,false_negative,accuracy_percent,sensitivity_percent,specificity_percent,justif_clarity_1to5,justif_technical_terminology_1to5,justif_logical_structure_1to5,coverage_lexical_0or1,coverage_structural_0or1,coverage_functional_0or1,coverage_style_0or1,consistency_score_justif_1to5,consistency_internal_logic_1to5,qualitative_observations,evaluation_date,evaluator,env_internet,env_cpu,env_ram,env_os
CASE_CODE_CS_001,C#,identical,100,100,Claude Opus 4.1,Anthropic,22.0,100,100,1,1,0,0,0,100.0,100.0,,5,5,5,1,1,1,1,5,5,,2025-08-29,Rafael Navas,94.82 Mbps,Intel Corei5-10400,16 Gb,Windows 11 Pro
CASE_CODE_CS_001,C#,identical,100,100,GPT-5,OpenAI,18.0,100,100,1,1,0,0,0,100.0,100.0,,5,5,5,1,1,1,1,5,5,,2025-08-29,Rafael Navas,94.82 Mbps,Intel Corei5-10400,16 Gb,Windows 11 Pro
CASE_CODE_CS_001,C#,identical,100,100,Gemini 2.5 Pro,Google,24.0,100,100,1,1,0,0,0,100.0,100.0,,5,5,5,1,1,1,1,5,5,,2025-08-29,Rafael Navas,94.82 Mbps,Intel Corei5-10400,16 Gb,Windows 11 Pro
CASE_CODE_CS_001,C#,identical,100,100,DeepSeek-V3,DeepSeek,21.0,100,100,1,1,0,0,0,100.0,100.0,,5,5,5,1,1,1,1,5,5,,2025-08-29,Rafael Navas,94.82 Mbps,Intel Corei5-10400,16 Gb,Windows 11 Pro
CASE_CODE_CS_002,C#,functional,70,90,Claude Opus 4.1,Anthropic,20.0,82,90-70,1,1,0,0,0,100.0,100.0,,5,5,5,1,1,1,1,5,5,,2025-08-31,Rafael Navas,93.49,Intel Corei5-10400,16 Gb,Windows 11 Pro
CASE_CODE_CS_002,C#,functional,70,90,GPT-5,OpenAI,76.0,89,90-70,1,1,0,0,0,100.0,100.0,,5,5,5,1,1,1,1,4,4,El porcentaje de respuesta estuvo por encima del esperado,2025-08-31,Rafael Navas,93.49,Intel Corei5-10400,16 Gb,Windows 11 Pro
CASE_CODE_CS_002,C#,functional,70,90,Gemini 2.5 Pro,Google,24.0,92,90-70,0,1,0,0,0,100.0,100.0,,4,5,4,1,1,1,1,5,5,,2025-08-31,Rafael Navas,93.49,Intel Corei5-10400,16 Gb,Windows 11 Pro
CASE_CODE_CS_002,C#,functional,70,90,DeepSeek-V3,DeepSeek,26.0,88,90-70,1,1,0,0,0,100.0,100.0,,4,5,5,1,1,1,1,5,5,,2025-08-31,Rafael Navas,93.49,Intel Corei5-10400,16 Gb,Windows 11 Pro
CASE_CODE_CS_003,C#,structural,40,60,Claude Opus 4.1,Anthropic,20.0,78,60-40,0,1,0,0,0,100.0,100.0,,5,5,5,1,1,1,1,4,5,El porcentaje de respuesta estuvo por encima del esperado,2025-08-31,Rafael Navas,93.49,Intel Corei5-10400,16 Gb,Windows 11 Pro
CASE_CODE_CS_003,C#,structural,40,60,GPT-5,OpenAI,22.0,82,60-40,0,1,0,0,0,100.0,100.0,,4,5,5,1,1,1,1,4,5,El porcentaje de respuesta estuvo por encima del esperado,2025-08-31,Rafael Navas,93.49,Intel Corei5-10400,16 Gb,Windows 11 Pro
CASE_CODE_CS_003,C#,structural,40,60,Gemini 2.5 Pro,Google,26.0,62,60-40,0,1,0,0,0,100.0,100.0,,4,5,5,1,1,1,1,5,5,El porcentaje de respuesta estuvo por encima del esperado,2025-08-31,Rafael Navas,93.49,Intel Corei5-10400,16 Gb,Windows 11 Pro
CASE_CODE_CS_003,C#,structural,40,60,DeepSeek-V3,DeepSeek,30.0,60,60-40,1,1,0,0,0,100.0,100.0,,5,5,5,1,1,1,1,5,5,,2025-08-31,Rafael Navas,93.49,Intel Corei5-10400,16 Gb,Windows 11 Pro
CASE_CODE_CS_004,C#,different,0,20,Claude Opus 4.1,Anthropic,26.0,15,30-0,1,1,0,0,0,100.0,100.0,,5,5,5,1,1,1,1,5,5,,2025-08-31,Rafael Navas,93.49,Intel Corei5-10400,16 Gb,Windows 11 Pro
CASE_CODE_CS_004,C#,different,0,20,GPT-5,OpenAI,22.0,33,30-0,0,1,0,0,0,100.0,100.0,,4,5,5,1,1,1,1,4,5,El porcentaje de respuesta estuvo por encima del esperado,2025-08-31,Rafael Navas,93.49,Intel Corei5-10400,16 Gb,Windows 11 Pro
CASE_CODE_CS_004,C#,different,0,20,Gemini 2.5 Pro,Google,19.0,33,30-0,0,1,0,0,0,100.0,100.0,,5,5,5,1,1,1,1,4,5,El porcentaje de respuesta estuvo por encima del esperado,2025-08-31,Rafael Navas,93.49,Intel Corei5-10400,16 Gb,Windows 11 Pro
CASE_CODE_CS_004,C#,different,0,20,DeepSeek-V3,DeepSeek,25.0,28,30-0,1,1,0,0,0,100.0,100.0,,4,5,5,1,1,1,1,5,5,,2025-08-31,Rafael Navas,93.49,Intel Corei5-10400,16 Gb,Windows 11 Pro
CASE_CODE_CS_005,C#,identical,100,100,Claude Opus 4.1,Anthropic,19.0,100,100,1,1,0,0,0,100.0,100.0,,5,5,5,1,1,1,1,5,5,,2025-08-31,Rafael Navas,94.39,Intel Corei5-10400,16 Gb,Windows 11 Pro
CASE_CODE_CS_005,C#,identical,100,100,GPT-5,OpenAI,15.0,100,100,1,1,0,0,0,100.0,100.0,,5,5,5,1,1,1,1,5,5,,2025-08-31,Rafael Navas,94.39,Intel Corei5-10400,16 Gb,Windows 11 Pro
CASE_CODE_CS_005,C#,identical,100,100,Gemini 2.5 Pro,Google,18.0,100,100,1,1,0,0,0,100.0,100.0,,5,5,5,1,1,1,1,5,5,,2025-08-31,Rafael Navas,94.39,Intel Corei5-10400,16 Gb,Windows 11 Pro
CASE_CODE_CS_005,C#,identical,100,100,DeepSeek-V3,DeepSeek,19.0,100,100,1,1,0,0,0,100.0,100.0,,5,5,5,1,1,1,1,5,5,,2025-08-31,Rafael Navas,94.39,Intel Corei5-10400,16 Gb,Windows 11 Pro
CASE_CODE_CS_006,C#,functional,70,90,Claude Opus 4.1,Anthropic,24.0,82,90-70,1,1,0,0,0,100.0,100.0,,5,5,5,1,1,1,1,5,5,,2025-08-31,Rafael Navas,94.39,Intel Corei5-10400,16 Gb,Windows 11 Pro
CASE_CODE_CS_006,C#,functional,70,90,GPT-5,OpenAI,30.0,85,90-70,1,1,0,0,0,100.0,100.0,,4,5,5,1,1,1,1,5,5,,2025-08-31,Rafael Navas,94.39,Intel Corei5-10400,16 Gb,Windows 11 Pro
CASE_CODE_CS_006,C#,functional,70,90,Gemini 2.5 Pro,Google,26.0,78,90-70,1,1,0,0,0,100.0,100.0,,5,5,5,1,1,1,1,5,5,,2025-08-31,Rafael Navas,94.39,Intel Corei5-10400,16 Gb,Windows 11 Pro
CASE_CODE_CS_006,C#,functional,70,90,DeepSeek-V3,DeepSeek,26.0,87,90-70,1,1,0,0,0,100.0,100.0,,4,5,5,1,1,1,1,5,5,,2025-08-31,Rafael Navas,94.39,Intel Corei5-10400,16 Gb,Windows 11 Pro
CASE_CODE_CS_007,C#,structural,40,60,Claude Opus 4.1,Anthropic,27.0,52,60-40,1,1,0,0,0,100.0,100.0,,5,5,5,1,1,1,1,5,5,,2025-08-31,Rafael Navas,94.39,Intel Corei5-10400,16 Gb,Windows 11 Pro
CASE_CODE_CS_007,C#,structural,40,60,GPT-5,OpenAI,23.0,76,60-40,0,1,0,0,0,100.0,100.0,,4,5,5,1,1,1,1,4,5,,2025-08-31,Rafael Navas,94.39,Intel Corei5-10400,16 Gb,Windows 11 Pro
CASE_CODE_CS_007,C#,structural,40,60,Gemini 2.5 Pro,Google,29.0,58,60-40,1,1,0,0,0,100.0,100.0,,5,5,5,1,1,1,1,5,5,,2025-08-31,Rafael Navas,94.39,Intel Corei5-10400,16 Gb,Windows 11 Pro
CASE_CODE_CS_007,C#,structural,40,60,DeepSeek-V3,DeepSeek,25.0,48,60-40,1,1,0,0,0,100.0,100.0,,3,5,5,1,1,1,1,4,4,Justificaciones muy pobres,2025-08-31,Rafael Navas,94.39,Intel Corei5-10400,16 Gb,Windows 11 Pro
CASE_CODE_CS_008,C#,different,0,20,Claude Opus 4.1,Anthropic,18.0,25,30-0,1,1,0,0,0,100.0,100.0,,5,5,5,1,1,1,1,5,5,,2025-08-31,Rafael Navas,94.39,Intel Corei5-10400,16 Gb,Windows 11 Pro
CASE_CODE_CS_008,C#,different,0,20,GPT-5,OpenAI,21.0,44,30-0,0,1,0,0,0,100.0,100.0,,4,5,5,1,1,1,1,4,5,Porcentaje de similitud por encima de lo esperado,2025-08-31,Rafael Navas,94.39,Intel Corei5-10400,16 Gb,Windows 11 Pro
CASE_CODE_CS_008,C#,different,0,20,Gemini 2.5 Pro,Google,26.0,21,30-0,1,1,0,0,0,100.0,100.0,,5,5,5,1,1,1,1,5,5,,2025-08-31,Rafael Navas,94.39,Intel Corei5-10400,16 Gb,Windows 11 Pro
CASE_CODE_CS_008,C#,different,0,20,DeepSeek-V3,DeepSeek,26.0,15,30-0,1,1,0,0,0,100.0,100.0,,4,5,4,1,1,1,1,5,4,Justificaciones un poco pobres,2025-08-31,Rafael Navas,94.39,Intel Corei5-10400,16 Gb,Windows 11 Pro
CASE_CODE_CS_009,C#,identical,100,100,Claude Opus 4.1,Anthropic,21.0,100,100,1,1,0,0,0,100.0,100.0,,5,5,5,1,1,1,1,5,5,,2025-09-01,Rafael Navas,93.66,Intel Corei5-10400,16 Gb,Windows 11 Pro
CASE_CODE_CS_009,C#,identical,100,100,GPT-5,OpenAI,31.0,100,100,1,1,0,0,0,100.0,100.0,,5,5,5,1,1,1,1,5,5,,2025-09-01,Rafael Navas,93.66,Intel Corei5-10400,16 Gb,Windows 11 Pro
CASE_CODE_CS_009,C#,identical,100,100,Gemini 2.5 Pro,Google,21.0,100,100,1,1,0,0,0,100.0,100.0,,5,5,5,1,1,1,1,5,5,,2025-09-01,Rafael Navas,93.66,Intel Corei5-10400,16 Gb,Windows 11 Pro
CASE_CODE_CS_009,C#,identical,100,100,DeepSeek-V3,DeepSeek,21.0,100,100,1,1,0,0,0,100.0,100.0,,4,5,5,1,1,1,1,5,4,,2025-09-01,Rafael Navas,93.66,Intel Corei5-10400,16 Gb,Windows 11 Pro
CASE_CODE_CS_010,C#,functional,70,90,Claude Opus 4.1,Anthropic,16.0,90-70,82,1,1,0,0,0,100.0,100.0,,5,5,5,1,1,1,1,5,5,,2025-09-01,Rafael Navas,93.66,Intel Corei5-10400,16 Gb,Windows 11 Pro
CASE_CODE_CS_010,C#,functional,70,90,GPT-5,OpenAI,24.0,90-70,88,1,1,0,0,0,100.0,100.0,,5,5,5,1,1,1,1,5,5,,2025-09-01,Rafael Navas,93.66,Intel Corei5-10400,16 Gb,Windows 11 Pro
CASE_CODE_CS_010,C#,functional,70,90,Gemini 2.5 Pro,Google,25.0,90-70,86,1,1,0,0,0,100.0,100.0,,5,5,5,1,1,1,1,5,5,,2025-09-01,Rafael Navas,93.66,Intel Corei5-10400,16 Gb,Windows 11 Pro
CASE_CODE_CS_010,C#,functional,70,90,DeepSeek-V3,DeepSeek,25.0,90-70,85,1,1,0,0,0,100.0,100.0,,4,5,5,1,1,1,1,4,5,Justificaciones un poco pobres,2025-09-01,Rafael Navas,93.66,Intel Corei5-10400,16 Gb,Windows 11 Pro
CASE_CODE_CS_011,C#,structural,40,60,Claude Opus 4.1,Anthropic,23.0,38,60-40,0,1,0,0,0,100.0,100.0,,5,5,5,1,1,1,1,5,5,Porcentaje de similitud de comparación por debajo del esperado,2025-09-01,Rafael Navas,93.66,Intel Corei5-10400,16 Gb,Windows 11 Pro
CASE_CODE_CS_011,C#,structural,40,60,GPT-5,OpenAI,23.0,63,60-40,0,1,0,0,0,100.0,100.0,,4,5,5,1,1,1,1,5,5,Porcentaje de similitud de comparación por encima del esperado,2025-09-01,Rafael Navas,93.66,Intel Corei5-10400,16 Gb,Windows 11 Pro
CASE_CODE_CS_011,C#,structural,40,60,Gemini 2.5 Pro,Google,27.0,43,60-40,1,1,0,0,0,100.0,100.0,,5,5,5,1,1,1,1,5,5,,2025-09-01,Rafael Navas,93.66,Intel Corei5-10400,16 Gb,Windows 11 Pro
CASE_CODE_CS_011,C#,structural,40,60,DeepSeek-V3,DeepSeek,25.0,55,60-40,1,1,0,0,0,100.0,100.0,,4,5,5,1,1,1,1,5,5,Justificaciones un poco pobres,2025-09-01,Rafael Navas,93.66,Intel Corei5-10400,16 Gb,Windows 11 Pro
CASE_CODE_CS_012,C#,different,0,20,Claude Opus 4.1,Anthropic,22.0,8,30-0,1,1,0,0,0,100.0,100.0,,5,5,5,1,1,1,1,5,5,,2025-09-01,Rafael Navas,93.66,Intel Corei5-10400,16 Gb,Windows 11 Pro
CASE_CODE_CS_012,C#,different,0,20,GPT-5,OpenAI,29.0,31,30-0,0,1,0,0,0,100.0,100.0,,5,5,5,1,1,1,1,4,5,Porcentaje de similitud mayor al esperado,2025-09-01,Rafael Navas,93.66,Intel Corei5-10400,16 Gb,Windows 11 Pro
CASE_CODE_CS_012,C#,different,0,20,Gemini 2.5 Pro,Google,31.0,20,30-0,1,1,0,0,0,100.0,100.0,,5,5,5,1,1,1,1,5,5,,2025-09-01,Rafael Navas,93.66,Intel Corei5-10400,16 Gb,Windows 11 Pro
CASE_CODE_CS_012,C#,different,0,20,DeepSeek-V3,DeepSeek,28.0,15,30-0,1,1,0,0,0,100.0,100.0,,5,5,5,1,1,1,1,5,5,,2025-09-01,Rafael Navas,93.66,Intel Corei5-10400,16 Gb,Windows 11 Pro
CASE_CODE_CS_013,C#,identical,100,100,Claude Opus 4.1,Anthropic,23.0,100,100,1,1,0,0,0,100.0,100.0,,5,5,5,1,1,1,1,5,5,,2025-09-01,Rafael Navas,93.66,Intel Corei5-10400,16 Gb,Windows 11 Pro
CASE_CODE_CS_013,C#,identical,100,100,GPT-5,OpenAI,16.0,100,100,1,1,0,0,0,100.0,100.0,,5,5,5,1,1,1,1,5,5,,2025-09-01,Rafael Navas,93.66,Intel Corei5-10400,16 Gb,Windows 11 Pro
CASE_CODE_CS_013,C#,identical,100,100,Gemini 2.5 Pro,Google,17.0,100,100,1,1,0,0,0,100.0,100.0,,5,5,5,1,1,1,1,5,5,,2025-09-01,Rafael Navas,93.66,Intel Corei5-10400,16 Gb,Windows 11 Pro
CASE_CODE_CS_013,C#,identical,100,100,DeepSeek-V3,DeepSeek,23.0,100,100,1,1,0,0,0,100.0,100.0,,5,5,5,1,1,1,1,5,5,,2025-09-01,Rafael Navas,93.66,Intel Corei5-10400,16 Gb,Windows 11 Pro
CASE_CODE_CS_014,C#,functional,70,90,Claude Opus 4.1,Anthropic,27.0,74,90-70,1,1,0,0,0,100.0,100.0,,5,5,5,1,1,1,1,5,5,,2025-09-01,Rafael Navas,93.66,Intel Corei5-10400,16 Gb,Windows 11 Pro
CASE_CODE_CS_014,C#,functional,70,90,GPT-5,OpenAI,21.0,76,90-70,1,1,0,0,0,100.0,100.0,,5,5,5,1,1,1,1,5,5,,2025-09-01,Rafael Navas,93.66,Intel Corei5-10400,16 Gb,Windows 11 Pro
CASE_CODE_CS_014,C#,functional,70,90,Gemini 2.5 Pro,Google,29.0,81,90-70,1,1,0,0,0,100.0,100.0,,5,5,5,1,1,1,1,5,5,,2025-09-01,Rafael Navas,93.66,Intel Corei5-10400,16 Gb,Windows 11 Pro
CASE_CODE_CS_014,C#,functional,70,90,DeepSeek-V3,DeepSeek,28.0,78,90-70,1,1,0,0,0,100.0,100.0,,5,5,5,1,1,1,1,5,5,,2025-09-01,Rafael Navas,93.66,Intel Corei5-10400,16 Gb,Windows 11 Pro
CASE_CODE_CS_015,C#,structural,40,60,Claude Opus 4.1,Anthropic,17.0,22,60-40,0,1,0,0,0,100.0,100.0,,5,5,5,1,1,1,1,3,5,Porcentaje de similitud por debajo del esperado,2025-09-01,Rafael Navas,93.66,Intel Corei5-10400,16 Gb,Windows 11 Pro
CASE_CODE_CS_015,C#,structural,40,60,GPT-5,OpenAI,22.0,60,60-40,1,1,0,0,0,100.0,100.0,,5,5,5,1,1,1,1,5,5,,2025-09-01,Rafael Navas,93.66,Intel Corei5-10400,16 Gb,Windows 11 Pro
CASE_CODE_CS_015,C#,structural,40,60,Gemini 2.5 Pro,Google,26.0,35,60-40,0,1,0,0,0,100.0,100.0,,5,5,5,1,1,1,1,4,5,Porcentaje de similitud por debajo del esperado,2025-09-01,Rafael Navas,93.66,Intel Corei5-10400,16 Gb,Windows 11 Pro
CASE_CODE_CS_015,C#,structural,40,60,DeepSeek-V3,DeepSeek,23.0,25,60-40,0,1,0,0,0,100.0,100.0,,5,5,5,1,1,1,1,3,5,Porcentaje de similitud por debajo del esperado,2025-09-01,Rafael Navas,93.66,Intel Corei5-10400,16 Gb,Windows 11 Pro
CASE_CODE_CS_016,C#,different,0,20,Claude Opus 4.1,Anthropic,27.0,18,30-0,1,1,0,0,0,100.0,100.0,,5,5,5,1,1,1,1,5,5,,2025-09-01,Rafael Navas,93.66,Intel Corei5-10400,16 Gb,Windows 11 Pro
CASE_CODE_CS_016,C#,different,0,20,GPT-5,OpenAI,22.0,40,30-0,0,1,0,0,0,100.0,100.0,,5,5,5,1,1,1,1,4,5,Porcentaje de similitud por encima del esperado,2025-09-01,Rafael Navas,93.66,Intel Corei5-10400,16 Gb,Windows 11 Pro
CASE_CODE_CS_016,C#,different,0,20,Gemini 2.5 Pro,Google,26.0,30,30-0,1,1,0,0,0,100.0,100.0,,5,5,5,1,1,1,1,5,5,,2025-09-01,Rafael Navas,93.66,Intel Corei5-10400,16 Gb,Windows 11 Pro
CASE_CODE_CS_016,C#,different,0,20,DeepSeek-V3,DeepSeek,29.0,15,30-0,1,1,0,0,0,100.0,100.0,,5,5,5,1,1,1,1,5,5,,2025-09-01,Rafael Navas,93.66,Intel Corei5-10400,16 Gb,Windows 11 Pro
CASE_CODE_CS_017,C#,identical,100,100,Claude Opus 4.1,Anthropic,18.0,100,100,1,1,0,0,0,100.0,100.0,,5,5,5,1,1,1,1,5,5,,2025-09-02,Rafael Navas,95.42,Intel Corei5-10400,16 Gb,Windows 11 Pro
CASE_CODE_CS_017,C#,identical,100,100,GPT-5,OpenAI,15.0,100,100,1,1,0,0,0,100.0,100.0,,5,5,5,1,1,1,1,5,5,,2025-09-02,Rafael Navas,95.42,Intel Corei5-10400,16 Gb,Windows 11 Pro
CASE_CODE_CS_017,C#,identical,100,100,Gemini 2.5 Pro,Google,20.0,100,100,1,1,0,0,0,100.0,100.0,,5,5,5,1,1,1,1,5,5,,2025-09-02,Rafael Navas,95.42,Intel Corei5-10400,16 Gb,Windows 11 Pro
CASE_CODE_CS_017,C#,identical,100,100,DeepSeek-V3,DeepSeek,22.0,100,100,1,1,0,0,0,100.0,100.0,,5,5,5,1,1,1,1,5,5,,2025-09-02,Rafael Navas,95.42,Intel Corei5-10400,16 Gb,Windows 11 Pro
CASE_CODE_CS_018,C#,functional,70,90,Claude Opus 4.1,Anthropic,15.0,86,90-70,1,1,0,0,0,100.0,100.0,,5,5,5,1,1,1,1,5,5,,2025-09-02,Rafael Navas,95.42,Intel Corei5-10400,16 Gb,Windows 11 Pro
CASE_CODE_CS_018,C#,functional,70,90,GPT-5,OpenAI,32.0,77,90-70,1,1,0,0,0,100.0,100.0,,4,5,5,1,1,1,1,5,5,,2025-09-02,Rafael Navas,95.42,Intel Corei5-10400,16 Gb,Windows 11 Pro
CASE_CODE_CS_018,C#,functional,70,90,Gemini 2.5 Pro,Google,30.0,71,90-70,1,1,0,0,0,100.0,100.0,,5,5,5,1,1,1,1,5,5,,2025-09-02,Rafael Navas,95.42,Intel Corei5-10400,16 Gb,Windows 11 Pro
CASE_CODE_CS_018,C#,functional,70,90,DeepSeek-V3,DeepSeek,25.0,80,90-70,1,1,0,0,0,100.0,100.0,,5,5,5,1,1,1,1,5,5,,2025-09-02,Rafael Navas,95.42,Intel Corei5-10400,16 Gb,Windows 11 Pro
CASE_CODE_CS_019,C#,structural,40,60,Claude Opus 4.1,Anthropic,32.0,62,60-40,0,1,0,0,0,100.0,100.0,,5,5,5,1,1,1,1,5,5,Similitud por encima de lo esperado,2025-09-02,Rafael Navas,95.42,Intel Corei5-10400,16 Gb,Windows 11 Pro
CASE_CODE_CS_019,C#,structural,40,60,GPT-5,OpenAI,21.0,73,60-40,0,1,0,0,0,100.0,100.0,,5,5,5,1,1,1,1,5,5,,2025-09-02,Rafael Navas,95.42,Intel Corei5-10400,16 Gb,Windows 11 Pro
CASE_CODE_CS_019,C#,structural,40,60,Gemini 2.5 Pro,Google,29.0,60,60-40,1,1,0,0,0,100.0,100.0,,5,5,5,1,1,1,1,5,5,Similitud por encima de lo esperado,2025-09-02,Rafael Navas,95.42,Intel Corei5-10400,16 Gb,Windows 11 Pro
CASE_CODE_CS_019,C#,structural,40,60,DeepSeek-V3,DeepSeek,28.0,62,60-40,0,1,0,0,0,100.0,100.0,,5,5,5,1,1,1,1,4,5,"Similitud por encima de lo esperado, justificaciones pobres",2025-09-02,Rafael Navas,95.42,Intel Corei5-10400,16 Gb,Windows 11 Pro
CASE_CODE_CS_020,C#,different,0,20,Claude Opus 4.1,Anthropic,28.0,18,30-0,1,1,0,0,0,100.0,100.0,,5,5,5,1,1,1,1,5,5,,2025-09-02,Rafael Navas,95.42,Intel Corei5-10400,16 Gb,Windows 11 Pro
CASE_CODE_CS_020,C#,different,0,20,GPT-5,OpenAI,27.0,30,30-0,1,1,0,0,0,100.0,100.0,,5,5,5,1,1,1,1,5,5,,2025-09-02,Rafael Navas,95.42,Intel Corei5-10400,16 Gb,Windows 11 Pro
CASE_CODE_CS_020,C#,different,0,20,Gemini 2.5 Pro,Google,29.0,20,30-0,1,1,0,0,0,100.0,100.0,,5,5,5,1,1,1,1,4,5,Justificaciones pobres,2025-09-02,Rafael Navas,95.42,Intel Corei5-10400,16 Gb,Windows 11 Pro
CASE_CODE_CS_020,C#,different,0,20,DeepSeek-V3,DeepSeek,26.0,25,30-0,1,1,0,0,0,100.0,100.0,,5,5,5,1,1,1,1,4,5,Justificaciones pobres,2025-09-02,Rafael Navas,95.42,Intel Corei5-10400,16 Gb,Windows 11 Pro
CASE_CODE_CS_021,C#,identical,100,100,Claude Opus 4.1,Anthropic,21.0,100,100,1,1,0,0,0,100.0,100.0,,5,5,5,1,1,1,1,5,5,,2025-09-02,Rafael Navas,95.42,Intel Corei5-10400,16 Gb,Windows 11 Pro
CASE_CODE_CS_021,C#,identical,100,100,GPT-5,OpenAI,21.0,100,100,1,1,0,0,0,100.0,100.0,,5,5,5,1,1,1,1,5,5,,2025-09-02,Rafael Navas,95.42,Intel Corei5-10400,16 Gb,Windows 11 Pro
CASE_CODE_CS_021,C#,identical,100,100,Gemini 2.5 Pro,Google,23.0,100,100,1,1,0,0,0,100.0,100.0,,5,5,5,1,1,1,1,5,5,,2025-09-02,Rafael Navas,95.42,Intel Corei5-10400,16 Gb,Windows 11 Pro
CASE_CODE_CS_021,C#,identical,100,100,DeepSeek-V3,DeepSeek,21.0,100,100,1,1,0,0,0,100.0,100.0,,5,5,5,1,1,1,1,5,5,,2025-09-02,Rafael Navas,95.42,Intel Corei5-10400,16 Gb,Windows 11 Pro
CASE_CODE_CS_022,C#,functional,70,90,Claude Opus 4.1,Anthropic,29.0,68,90-70,0,1,0,0,0,100.0,100.0,,5,5,5,1,1,1,1,5,5,Similitud por debajo de lo esperado,2025-09-02,Rafael Navas,95.42,Intel Corei5-10400,16 Gb,Windows 11 Pro
CASE_CODE_CS_022,C#,functional,70,90,GPT-5,OpenAI,30.0,78,90-70,1,1,0,0,0,100.0,100.0,,5,5,5,1,1,1,1,5,5,,2025-09-02,Rafael Navas,95.42,Intel Corei5-10400,16 Gb,Windows 11 Pro
CASE_CODE_CS_022,C#,functional,70,90,Gemini 2.5 Pro,Google,28.0,70,90-70,1,1,0,0,0,100.0,100.0,,5,5,5,1,1,1,1,5,5,,2025-09-02,Rafael Navas,95.42,Intel Corei5-10400,16 Gb,Windows 11 Pro
CASE_CODE_CS_022,C#,functional,70,90,DeepSeek-V3,DeepSeek,25.0,82,90-70,1,1,0,0,0,100.0,100.0,,5,5,5,1,1,1,1,4,5,Justificaciones pobres,2025-09-02,Rafael Navas,95.42,Intel Corei5-10400,16 Gb,Windows 11 Pro
CASE_CODE_CS_023,C#,structural,40,60,Claude Opus 4.1,Anthropic,29.0,38,60-40,0,1,0,0,0,100.0,100.0,,5,5,5,1,1,1,1,4,5,Porcentaje de similitud por debajo de lo esperado,2025-09-02,Rafael Navas,95.42,Intel Corei5-10400,16 Gb,Windows 11 Pro
CASE_CODE_CS_023,C#,structural,40,60,GPT-5,OpenAI,22.0,42,60-40,1,1,0,0,0,100.0,100.0,,5,5,5,1,1,1,1,5,5,,2025-09-02,Rafael Navas,95.42,Intel Corei5-10400,16 Gb,Windows 11 Pro
CASE_CODE_CS_023,C#,structural,40,60,Gemini 2.5 Pro,Google,33.0,38,60-40,0,1,0,0,0,100.0,100.0,,5,5,5,1,1,1,1,4,5,Porcentaje de similitud por debajo de lo esperado,2025-09-02,Rafael Navas,95.42,Intel Corei5-10400,16 Gb,Windows 11 Pro
CASE_CODE_CS_023,C#,structural,40,60,DeepSeek-V3,DeepSeek,28.0,35,60-40,0,1,0,0,0,100.0,100.0,,5,5,5,1,1,1,1,5,5,,2025-09-02,Rafael Navas,95.42,Intel Corei5-10400,16 Gb,Windows 11 Pro
CASE_CODE_CS_024,C#,different,0,20,Claude Opus 4.1,Anthropic,29.0,28,30-0,1,1,0,0,0,100.0,100.0,,5,5,5,1,1,1,1,5,5,,2025-09-09,Rafael Navas,95.42,Intel Corei5-10400,16 Gb,Windows 11 Pro
CASE_CODE_CS_024,C#,different,0,20,GPT-5,OpenAI,26.0,35,30-0,0,1,0,0,0,100.0,100.0,,5,5,5,1,1,1,1,4,5,Porcentaje de similitud por encima de lo esperado,2025-09-09,Rafael Navas,95.42,Intel Corei5-10400,16 Gb,Windows 11 Pro
CASE_CODE_CS_024,C#,different,0,20,Gemini 2.5 Pro,Google,28.0,32,30-0,0,1,0,0,0,100.0,100.0,,5,5,5,1,1,1,1,4,5,Porcentaje de similitud por encima de lo esperado,2025-09-09,Rafael Navas,95.42,Intel Corei5-10400,16 Gb,Windows 11 Pro
CASE_CODE_CS_024,C#,different,0,20,DeepSeek-V3,DeepSeek,26.0,20,30-0,1,1,0,0,0,100.0,100.0,,5,5,5,1,1,1,1,5,5,,2025-09-09,Rafael Navas,95.42,Intel Corei5-10400,16 Gb,Windows 11 Pro
CASE_CODE_CS_025,C#,identical,100,100,Claude Opus 4.1,Anthropic,17.0,100,100,1,1,0,0,0,100.0,100.0,,5,5,5,1,1,1,1,5,5,,2025-09-03,Rafael Navas,95.05,Intel Corei5-10400,16 Gb,Windows 11 Pro
CASE_CODE_CS_025,C#,identical,100,100,GPT-5,OpenAI,34.0,100,100,1,1,0,0,0,100.0,100.0,,5,5,5,1,1,1,1,5,5,,2025-09-03,Rafael Navas,95.05,Intel Corei5-10400,16 Gb,Windows 11 Pro
CASE_CODE_CS_025,C#,identical,100,100,Gemini 2.5 Pro,Google,24.0,100,100,1,1,0,0,0,100.0,100.0,,5,5,5,1,1,1,1,5,5,,2025-09-03,Rafael Navas,95.05,Intel Corei5-10400,16 Gb,Windows 11 Pro
CASE_CODE_CS_025,C#,identical,100,100,DeepSeek-V3,DeepSeek,22.0,100,100,1,1,0,0,0,100.0,100.0,,5,5,5,1,1,1,1,4,5,Justificaciones pobres,2025-09-03,Rafael Navas,95.05,Intel Corei5-10400,16 Gb,Windows 11 Pro
CASE_CODE_CS_026,C#,functional,70,90,Claude Opus 4.1,Anthropic,22.0,68,90-70,0,1,0,0,0,100.0,100.0,,5,5,5,1,1,1,1,5,5,,2025-09-03,Rafael Navas,95.05,Intel Corei5-10400,16 Gb,Windows 11 Pro
CASE_CODE_CS_026,C#,functional,70,90,GPT-5,OpenAI,19.0,78,90-70,1,1,0,0,0,100.0,100.0,,5,5,5,1,1,1,1,5,5,,2025-09-03,Rafael Navas,95.05,Intel Corei5-10400,16 Gb,Windows 11 Pro
CASE_CODE_CS_026,C#,functional,70,90,Gemini 2.5 Pro,Google,35.0,63,90-70,0,1,0,0,0,100.0,100.0,,5,5,5,1,1,1,1,5,5,Porcentaje de similitud por debajo de lo esperado,2025-09-03,Rafael Navas,95.05,Intel Corei5-10400,16 Gb,Windows 11 Pro
CASE_CODE_CS_026,C#,functional,70,90,DeepSeek-V3,DeepSeek,29.0,82,90-70,1,1,0,0,0,100.0,100.0,,5,5,5,1,1,1,1,4,5,,2025-09-03,Rafael Navas,95.05,Intel Corei5-10400,16 Gb,Windows 11 Pro
CASE_CODE_CS_027,C#,structural,40,60,Claude Opus 4.1,Anthropic,18.0,81,60-40,0,1,0,0,0,100.0,100.0,,5,5,5,1,1,1,1,4,5,Porcentaje de similitud por encima del esperado,2025-09-03,Rafael Navas,95.05,Intel Corei5-10400,16 Gb,Windows 11 Pro
CASE_CODE_CS_027,C#,structural,40,60,GPT-5,OpenAI,22.0,90,60-40,0,1,0,0,0,100.0,100.0,,5,5,5,1,1,1,1,4,5,Porcentaje de similitud por encima del esperado,2025-09-03,Rafael Navas,95.05,Intel Corei5-10400,16 Gb,Windows 11 Pro
CASE_CODE_CS_027,C#,structural,40,60,Gemini 2.5 Pro,Google,33.0,77,60-40,0,1,0,0,0,100.0,100.0,,5,5,5,1,1,1,1,4,5,Porcentaje de similitud por encima del esperado,2025-09-03,Rafael Navas,95.05,Intel Corei5-10400,16 Gb,Windows 11 Pro
CASE_CODE_CS_027,C#,structural,40,60,DeepSeek-V3,DeepSeek,27.0,75,60-40,0,1,0,0,0,100.0,100.0,,,,,1,1,1,1,4,5,"Porcentaje de similitud por encima del esperado, Justificaciones pobres",2025-09-03,Rafael Navas,95.05,Intel Corei5-10400,16 Gb,Windows 11 Pro
CASE_CODE_CS_028,C#,different,0,20,Claude Opus 4.1,Anthropic,21.0,12,30-0,1,1,0,0,0,100.0,100.0,,5,5,5,1,1,1,1,5,5,,2025-09-03,Rafael Navas,,Intel Corei5-10400,16 Gb,Windows 11 Pro
CASE_CODE_CS_028,C#,different,0,20,GPT-5,OpenAI,21.0,25,30-0,1,1,0,0,0,100.0,100.0,,5,5,5,1,1,1,1,5,5,,2025-09-03,Rafael Navas,,Intel Corei5-10400,16 Gb,Windows 11 Pro
CASE_CODE_CS_028,C#,different,0,20,Gemini 2.5 Pro,Google,32.0,14,30-0,1,1,0,0,0,100.0,100.0,,5,5,5,1,1,1,1,5,5,,2025-09-03,Rafael Navas,,Intel Corei5-10400,16 Gb,Windows 11 Pro
CASE_CODE_CS_028,C#,different,0,20,DeepSeek-V3,DeepSeek,27.0,15,30-0,1,1,0,0,0,100.0,100.0,,5,5,5,1,1,1,1,5,5,,2025-09-03,Rafael Navas,,Intel Corei5-10400,16 Gb,Windows 11 Pro
CASE_CODE_CS_029,C#,identical,100,100,Claude Opus 4.1,Anthropic,18.0,100,100,1,1,0,0,0,100.0,100.0,,5,5,5,1,1,1,1,5,5,,2025-09-03,Rafael Navas,95.05,Intel Corei5-10400,16 Gb,Windows 11 Pro
CASE_CODE_CS_029,C#,identical,100,100,GPT-5,OpenAI,13.0,100,100,1,1,0,0,0,100.0,100.0,,5,5,5,1,1,1,1,5,5,,2025-09-03,Rafael Navas,95.05,Intel Corei5-10400,16 Gb,Windows 11 Pro
CASE_CODE_CS_029,C#,identical,100,100,Gemini 2.5 Pro,Google,19.0,100,100,1,1,0,0,0,100.0,100.0,,5,5,5,1,1,1,1,5,5,,2025-09-03,Rafael Navas,95.05,Intel Corei5-10400,16 Gb,Windows 11 Pro
CASE_CODE_CS_029,C#,identical,100,100,DeepSeek-V3,DeepSeek,21.0,100,100,1,1,0,0,0,100.0,100.0,,5,5,5,1,1,1,1,5,5,,2025-09-03,Rafael Navas,95.05,Intel Corei5-10400,16 Gb,Windows 11 Pro
CASE_CODE_CS_030,C#,functional,70,90,Claude Opus 4.1,Anthropic,23.0,76,90-70,1,1,0,0,0,100.0,100.0,,5,5,5,1,1,1,1,5,5,,2025-09-03,Rafael Navas,95.05,Intel Corei5-10400,16 Gb,Windows 11 Pro
CASE_CODE_CS_030,C#,functional,70,90,GPT-5,OpenAI,20.0,63,90-70,0,1,0,0,0,100.0,100.0,,5,5,5,1,1,1,1,4,5,Porcentaje de similitud por debajo de lo esperado,2025-09-03,Rafael Navas,95.05,Intel Corei5-10400,16 Gb,Windows 11 Pro
CASE_CODE_CS_030,C#,functional,70,90,Gemini 2.5 Pro,Google,25.0,76,90-70,1,1,0,0,0,100.0,100.0,,5,5,5,1,1,1,1,5,5,,2025-09-03,Rafael Navas,95.05,Intel Corei5-10400,16 Gb,Windows 11 Pro
CASE_CODE_CS_030,C#,functional,70,90,DeepSeek-V3,DeepSeek,26.0,75,90-70,1,1,0,0,0,100.0,100.0,,5,5,5,1,1,1,1,4,5,Justificación poco detallada,2025-09-03,Rafael Navas,95.05,Intel Corei5-10400,16 Gb,Windows 11 Pro
CASE_CODE_CS_031,C#,structural,40,60,Claude Opus 4.1,Anthropic,16.0,88,60-40,0,1,0,0,0,100.0,100.0,,5,5,5,1,1,1,1,5,5,Porcentaje de similitud obtenido por encima del esperado,2025-09-03,Rafael Navas,95.05,Intel Corei5-10400,16 Gb,Windows 11 Pro
CASE_CODE_CS_031,C#,structural,40,60,GPT-5,OpenAI,17.0,93,60-40,0,1,0,0,0,100.0,100.0,,5,5,5,1,1,1,1,5,5,Porcentaje de similitud obtenido por encima del esperado,2025-09-03,Rafael Navas,95.05,Intel Corei5-10400,16 Gb,Windows 11 Pro
CASE_CODE_CS_031,C#,structural,40,60,Gemini 2.5 Pro,Google,28.0,93,60-40,0,1,0,0,0,100.0,100.0,,5,5,5,1,1,1,1,5,5,Porcentaje de similitud obtenido por encima del esperado,2025-09-03,Rafael Navas,95.05,Intel Corei5-10400,16 Gb,Windows 11 Pro
CASE_CODE_CS_031,C#,structural,40,60,DeepSeek-V3,DeepSeek,29.0,85,60-40,0,1,0,0,0,100.0,100.0,,5,5,5,1,1,1,1,5,5,Porcentaje de similitud obtenido por encima del esperado,2025-09-03,Rafael Navas,95.05,Intel Corei5-10400,16 Gb,Windows 11 Pro
CASE_CODE_CS_032,C#,different,0,20,Claude Opus 4.1,Anthropic,21.0,28,30-0,1,1,0,0,0,1.0,0.0,0.0,5,5,5,1,1,1,1,5,5,,2025-09-03,Rafael Navas,95.05,Intel Corei5-10400,16 Gb,Windows 11 Pro
CASE_CODE_CS_032,C#,different,0,20,GPT-5,OpenAI,20.0,25,30-0,1,1,0,0,0,1.0,0.0,0.0,4,5,5,1,1,1,1,4,5,,2025-09-03,Rafael Navas,95.05,Intel Corei5-10400,16 Gb,Windows 11 Pro
CASE_CODE_CS_032,C#,different,0,20,Gemini 2.5 Pro,Google,31.0,27,30-0,1,1,0,0,0,1.0,0.0,0.0,5,5,5,1,1,1,1,5,5,,2025-09-03,Rafael Navas,95.05,Intel Corei5-10400,16 Gb,Windows 11 Pro
CASE_CODE_CS_032,C#,different,0,20,DeepSeek-V3,DeepSeek,28.0,15,30-0,1,1,0,0,0,1.0,0.0,0.0,5,5,5,1,1,1,1,5,5,,2025-09-03,Rafael Navas,95.05,Intel Corei5-10400,16 Gb,Windows 11 Pro
CASE_CODE_CS_033,C#,identical,100,100,Claude Opus 4.1,Anthropic,15.0,100,100,1,1,0,0,0,100.0,100.0,,5,5,5,1,1,1,1,5,5,,2025-09-04,Rafael Navas,94.92,Intel Corei5-10400,16 Gb,Windows 11 Pro
CASE_CODE_CS_033,C#,identical,100,100,GPT-5,OpenAI,16.0,100,100,1,1,0,0,0,100.0,100.0,,5,5,5,1,1,1,1,5,5,,2025-09-04,Rafael Navas,94.92,Intel Corei5-10400,16 Gb,Windows 11 Pro
CASE_CODE_CS_033,C#,identical,100,100,Gemini 2.5 Pro,Google,24.0,100,100,1,1,0,0,0,100.0,100.0,,5,5,5,1,1,1,1,5,5,,2025-09-04,Rafael Navas,94.92,Intel Corei5-10400,16 Gb,Windows 11 Pro
CASE_CODE_CS_033,C#,identical,100,100,DeepSeek-V3,DeepSeek,22.0,100,100,1,1,0,0,0,100.0,100.0,,5,5,5,1,1,1,1,4,5,Justificaciones pobres,2025-09-04,Rafael Navas,94.92,Intel Corei5-10400,16 Gb,Windows 11 Pro
CASE_CODE_CS_034,C#,functional,70,90,Claude Opus 4.1,Anthropic,16.0,76,90-70,1,1,0,0,0,100.0,100.0,,4,5,5,1,1,1,1,4,5,Justificaciones pobres,2025-09-04,Rafael Navas,94.92,Intel Corei5-10400,16 Gb,Windows 11 Pro
CASE_CODE_CS_034,C#,functional,70,90,GPT-5,OpenAI,30.0,80,90-70,1,1,0,0,0,100.0,100.0,,5,5,5,1,1,1,1,5,5,,2025-09-04,Rafael Navas,94.92,Intel Corei5-10400,16 Gb,Windows 11 Pro
CASE_CODE_CS_034,C#,functional,70,90,Gemini 2.5 Pro,Google,29.0,81,90-70,1,1,0,0,0,100.0,100.0,,5,5,5,1,1,1,1,5,5,,2025-09-04,Rafael Navas,94.92,Intel Corei5-10400,16 Gb,Windows 11 Pro
CASE_CODE_CS_034,C#,functional,70,90,DeepSeek-V3,DeepSeek,27.0,85,90-70,1,1,0,0,0,100.0,100.0,,5,5,5,1,1,1,1,4,5,"Justificaciones pobres, poco especificas",2025-09-04,Rafael Navas,94.92,Intel Corei5-10400,16 Gb,Windows 11 Pro
CASE_CODE_CS_035,C#,structural,40,60,Claude Opus 4.1,Anthropic,20.0,85,60-40,1,1,0,0,0,100.0,100.0,,5,5,5,1,1,1,1,5,5,Porcentaje de similitud por encima del esperado,2025-09-04,Rafael Navas,94.92,Intel Corei5-10400,16 Gb,Windows 11 Pro
CASE_CODE_CS_035,C#,structural,40,60,GPT-5,OpenAI,21.0,95,60-40,1,1,0,0,0,100.0,100.0,,5,5,5,1,1,1,1,5,5,Porcentaje de similitud por encima del esperado,2025-09-04,Rafael Navas,94.92,Intel Corei5-10400,16 Gb,Windows 11 Pro
CASE_CODE_CS_035,C#,structural,40,60,Gemini 2.5 Pro,Google,31.0,93,60-40,1,1,0,0,0,100.0,100.0,,5,5,5,1,1,1,1,5,5,Porcentaje de similitud por encima del esperado,2025-09-04,Rafael Navas,94.92,Intel Corei5-10400,16 Gb,Windows 11 Pro
CASE_CODE_CS_035,C#,structural,40,60,DeepSeek-V3,DeepSeek,24.0,80,60-40,1,1,0,0,0,100.0,100.0,,5,5,5,1,1,1,1,4,5,Porcentaje de similitud por encima del esperado,2025-09-04,Rafael Navas,94.92,Intel Corei5-10400,16 Gb,Windows 11 Pro
CASE_CODE_CS_036,C#,different,0,20,Claude Opus 4.1,Anthropic,14.0,19,30-0,1,1,0,0,0,100.0,100.0,,5,5,5,1,1,1,1,4,5,"Justificaciones pobres, falta especificación",2025-09-04,Rafael Navas,94.92,Intel Corei5-10400,16 Gb,Windows 11 Pro
CASE_CODE_CS_036,C#,different,0,20,GPT-5,OpenAI,32.0,32,30-0,0,1,0,0,0,100.0,100.0,,5,5,5,1,1,1,1,5,5,,2025-09-04,Rafael Navas,94.92,Intel Corei5-10400,16 Gb,Windows 11 Pro
CASE_CODE_CS_036,C#,different,0,20,Gemini 2.5 Pro,Google,25.0,30,30-0,1,1,0,0,0,100.0,100.0,,5,5,5,1,1,1,1,5,5,,2025-09-04,Rafael Navas,94.92,Intel Corei5-10400,16 Gb,Windows 11 Pro
CASE_CODE_CS_036,C#,different,0,20,DeepSeek-V3,DeepSeek,29.0,20,30-0,1,1,0,0,0,100.0,100.0,,5,5,5,1,1,1,1,4,5,"Justificaciones pobres, falta especificación",2025-09-04,Rafael Navas,94.92,Intel Corei5-10400,16 Gb,Windows 11 Pro
CASE_CODE_CS_037,C#,identical,100,100,Claude Opus 4.1,Anthropic,16.0,100,100,1,1,0,0,0,100.0,100.0,,5,5,5,1,1,1,1,5,5,,2025-09-04,Rafael Navas,94.92,Intel Corei5-10400,16 Gb,Windows 11 Pro
CASE_CODE_CS_037,C#,identical,100,100,GPT-5,OpenAI,39.0,100,100,1,1,0,0,0,100.0,100.0,,5,5,5,1,1,1,1,5,5,,2025-09-04,Rafael Navas,94.92,Intel Corei5-10400,16 Gb,Windows 11 Pro
CASE_CODE_CS_037,C#,identical,100,100,Gemini 2.5 Pro,Google,23.0,100,100,1,1,0,0,0,100.0,100.0,,5,5,5,1,1,1,1,4,5,"Justificaciones pobres, falta más especificidad",2025-09-04,Rafael Navas,94.92,Intel Corei5-10400,16 Gb,Windows 11 Pro
CASE_CODE_CS_037,C#,identical,100,100,DeepSeek-V3,DeepSeek,19.0,100,100,1,1,0,0,0,100.0,100.0,,5,5,5,1,1,1,1,4,5,"Justificaciones pobres, falta más especificidad",2025-09-04,Rafael Navas,94.92,Intel Corei5-10400,16 Gb,Windows 11 Pro
CASE_CODE_CS_038,C#,functional,70,90,Claude Opus 4.1,Anthropic,19.0,68,90-70,0,1,0,0,0,100.0,100.0,,5,5,5,1,1,1,1,5,5,,2025-09-04,Rafael Navas,94.92,Intel Corei5-10400,16 Gb,Windows 11 Pro
CASE_CODE_CS_038,C#,functional,70,90,GPT-5,OpenAI,22.0,65,90-70,0,1,0,0,0,100.0,100.0,,5,5,5,1,1,1,1,5,5,,2025-09-04,Rafael Navas,94.92,Intel Corei5-10400,16 Gb,Windows 11 Pro
CASE_CODE_CS_038,C#,functional,70,90,Gemini 2.5 Pro,Google,27.0,51,90-70,0,1,0,0,0,100.0,100.0,,5,5,5,1,1,1,1,5,5,,2025-09-04,Rafael Navas,94.92,Intel Corei5-10400,16 Gb,Windows 11 Pro
CASE_CODE_CS_038,C#,functional,70,90,DeepSeek-V3,DeepSeek,26.0,70,90-70,1,1,0,0,0,100.0,100.0,,5,5,5,1,1,1,1,4,5,Falta más especificidad,2025-09-04,Rafael Navas,94.92,Intel Corei5-10400,16 Gb,Windows 11 Pro
CASE_CODE_CS_039,C#,structural,40,60,Claude Opus 4.1,Anthropic,22.0,85,60-40,0,1,0,0,0,100.0,100.0,,5,5,5,1,1,1,1,5,5,,2025-09-04,Rafael Navas,94.92,Intel Corei5-10400,16 Gb,Windows 11 Pro
CASE_CODE_CS_039,C#,structural,40,60,GPT-5,OpenAI,23.0,94,60-40,0,1,0,0,0,100.0,100.0,,5,5,5,1,1,1,1,5,5,,2025-09-04,Rafael Navas,94.92,Intel Corei5-10400,16 Gb,Windows 11 Pro
CASE_CODE_CS_039,C#,structural,40,60,Gemini 2.5 Pro,Google,28.0,94,60-40,0,1,0,0,0,100.0,100.0,,5,5,5,1,1,1,1,5,5,,2025-09-04,Rafael Navas,94.92,Intel Corei5-10400,16 Gb,Windows 11 Pro
CASE_CODE_CS_039,C#,structural,40,60,DeepSeek-V3,DeepSeek,25.0,85,60-40,0,1,0,0,0,100.0,100.0,,5,5,5,1,1,1,1,4,5,Faltan justificaciones mas especificas,2025-09-04,Rafael Navas,94.92,Intel Corei5-10400,16 Gb,Windows 11 Pro
CASE_CODE_CS_040,C#,different,0,20,Claude Opus 4.1,Anthropic,18.0,14,30-0,1,1,0,0,0,100.0,100.0,,5,5,5,1,1,1,1,5,5,,2025-09-04,Rafael Navas,94.92,Intel Corei5-10400,16 Gb,Windows 11 Pro
CASE_CODE_CS_040,C#,different,0,20,GPT-5,OpenAI,22.0,32,30-0,0,1,0,0,0,100.0,100.0,,5,5,5,1,1,1,1,5,5,,2025-09-04,Rafael Navas,94.92,Intel Corei5-10400,16 Gb,Windows 11 Pro
CASE_CODE_CS_040,C#,different,0,20,Gemini 2.5 Pro,Google,30.0,17,30-0,1,1,0,0,0,100.0,100.0,,5,5,5,1,1,1,1,5,5,,2025-09-04,Rafael Navas,94.92,Intel Corei5-10400,16 Gb,Windows 11 Pro
CASE_CODE_CS_040,C#,different,0,20,DeepSeek-V3,DeepSeek,24.0,15,30-0,1,1,0,0,0,100.0,100.0,,5,5,5,1,1,1,1,5,5,,2025-09-04,Rafael Navas,94.92,Intel Corei5-10400,16 Gb,Windows 11 Pro
CASE_CODE_CS_041,C#,identical,100,100,Claude Opus 4.1,Anthropic,18.0,100,100,1,1,0,0,0,100.0,100.0,,5,5,5,1,1,1,1,5,5,,2025-09-05,Rafael Navas,94.85,Intel Corei5-10400,16 Gb,Windows 11 Pro
CASE_CODE_CS_041,C#,identical,100,100,GPT-5,OpenAI,13.0,100,100,1,1,0,0,0,100.0,100.0,,5,5,5,1,1,1,1,5,5,,2025-09-05,Rafael Navas,94.85,Intel Corei5-10400,16 Gb,Windows 11 Pro
CASE_CODE_CS_041,C#,identical,100,100,Gemini 2.5 Pro,Google,24.0,100,100,1,1,0,0,0,100.0,100.0,,5,5,5,1,1,1,1,5,5,,2025-09-05,Rafael Navas,94.85,Intel Corei5-10400,16 Gb,Windows 11 Pro
CASE_CODE_CS_041,C#,identical,100,100,DeepSeek-V3,DeepSeek,21.0,100,100,1,1,0,0,0,100.0,100.0,,5,5,5,1,1,1,1,4,5,Justificaciones pobres,2025-09-05,Rafael Navas,94.85,Intel Corei5-10400,16 Gb,Windows 11 Pro
CASE_CODE_CS_042,C#,functional,70,90,Claude Opus 4.1,Anthropic,12.0,72,90-70,1,1,0,0,0,100.0,100.0,,5,5,5,1,1,1,1,5,5,,2025-09-05,Rafael Navas,94.85,Intel Corei5-10400,16 Gb,Windows 11 Pro
CASE_CODE_CS_042,C#,functional,70,90,GPT-5,OpenAI,16.0,77,90-70,1,1,0,0,0,100.0,100.0,,5,5,5,1,1,1,1,5,5,,2025-09-05,Rafael Navas,94.85,Intel Corei5-10400,16 Gb,Windows 11 Pro
CASE_CODE_CS_042,C#,functional,70,90,Gemini 2.5 Pro,Google,32.0,70,90-70,1,1,0,0,0,100.0,100.0,,5,5,5,1,1,1,1,5,5,,2025-09-05,Rafael Navas,94.85,Intel Corei5-10400,16 Gb,Windows 11 Pro
CASE_CODE_CS_042,C#,functional,70,90,DeepSeek-V3,DeepSeek,24.0,80,90-70,1,1,0,0,0,100.0,100.0,,5,5,5,1,1,1,1,4,5,Justificaciones pobres,2025-09-05,Rafael Navas,94.85,Intel Corei5-10400,16 Gb,Windows 11 Pro
CASE_CODE_CS_043,C#,structural,40,60,Claude Opus 4.1,Anthropic,17.0,82,60-40,0,1,0,0,0,100.0,100.0,,5,5,5,1,1,1,1,5,5,Porcentaje de similitud por encima del esperado,2025-09-05,Rafael Navas,94.85,Intel Corei5-10400,16 Gb,Windows 11 Pro
CASE_CODE_CS_043,C#,structural,40,60,GPT-5,OpenAI,21.0,74,60-40,0,1,0,0,0,100.0,100.0,,5,5,5,1,1,1,1,5,5,Porcentaje de similitud por encima del esperado,2025-09-05,Rafael Navas,94.85,Intel Corei5-10400,16 Gb,Windows 11 Pro
CASE_CODE_CS_043,C#,structural,40,60,Gemini 2.5 Pro,Google,33.0,53,60-40,1,1,0,0,0,100.0,100.0,,5,5,5,1,1,1,1,5,5,,2025-09-05,Rafael Navas,94.85,Intel Corei5-10400,16 Gb,Windows 11 Pro
CASE_CODE_CS_043,C#,structural,40,60,DeepSeek-V3,DeepSeek,23.0,57,60-40,0,1,0,0,0,100.0,100.0,,5,5,5,1,1,1,1,4,5,Justificaciones pobres,2025-09-05,Rafael Navas,94.85,Intel Corei5-10400,16 Gb,Windows 11 Pro
CASE_CODE_CS_044,C#,different,0,20,Claude Opus 4.1,Anthropic,22.0,28,30-0,1,1,0,0,0,100.0,100.0,,5,5,5,1,1,1,1,5,5,,2025-09-05,Rafael Navas,94.85,Intel Corei5-10400,16 Gb,Windows 11 Pro
CASE_CODE_CS_044,C#,different,0,20,GPT-5,OpenAI,28.0,29,30-0,1,1,0,0,0,100.0,100.0,,5,5,5,1,1,1,1,5,5,,2025-09-05,Rafael Navas,94.85,Intel Corei5-10400,16 Gb,Windows 11 Pro
CASE_CODE_CS_044,C#,different,0,20,Gemini 2.5 Pro,Google,27.0,18,30-0,1,1,0,0,0,100.0,100.0,,5,5,5,1,1,1,1,5,5,,2025-09-05,Rafael Navas,94.85,Intel Corei5-10400,16 Gb,Windows 11 Pro
CASE_CODE_CS_044,C#,different,0,20,DeepSeek-V3,DeepSeek,23.0,20,30-0,1,1,0,0,0,100.0,100.0,,5,5,5,1,1,1,1,5,5,,2025-09-05,Rafael Navas,94.85,Intel Corei5-10400,16 Gb,Windows 11 Pro
CASE_CODE_CS_045,C#,identical,100,100,Claude Opus 4.1,Anthropic,18.0,100,100,1,1,0,0,0,100.0,100.0,,5,5,5,1,1,1,1,5,5,,2025-09-05,Rafael Navas,94.85,Intel Corei5-10400,16 Gb,Windows 11 Pro
CASE_CODE_CS_045,C#,identical,100,100,GPT-5,OpenAI,23.0,100,100,1,1,0,0,0,100.0,100.0,,5,5,5,1,1,1,1,5,5,,2025-09-05,Rafael Navas,94.85,Intel Corei5-10400,16 Gb,Windows 11 Pro
CASE_CODE_CS_045,C#,identical,100,100,Gemini 2.5 Pro,Google,22.0,100,100,1,1,0,0,0,100.0,100.0,,5,5,5,1,1,1,1,4,5,Justificaciones poco especificas,2025-09-05,Rafael Navas,94.85,Intel Corei5-10400,16 Gb,Windows 11 Pro
CASE_CODE_CS_045,C#,identical,100,100,DeepSeek-V3,DeepSeek,21.0,100,100,1,1,0,0,0,100.0,100.0,,5,5,5,1,1,1,1,4,5,Justificaciones poco especificas,2025-09-05,Rafael Navas,94.85,Intel Corei5-10400,16 Gb,Windows 11 Pro
CASE_CODE_CS_046,C#,functional,70,90,Claude Opus 4.1,Anthropic,20.0,78,90-70,1,1,0,0,0,100.0,100.0,,5,5,5,1,1,1,1,5,5,,2025-09-05,Rafael Navas,94.85,Intel Corei5-10400,16 Gb,Windows 11 Pro
CASE_CODE_CS_046,C#,functional,70,90,GPT-5,OpenAI,17.0,87,90-70,1,1,0,0,0,100.0,100.0,,5,5,5,1,1,1,1,5,5,,2025-09-05,Rafael Navas,94.85,Intel Corei5-10400,16 Gb,Windows 11 Pro
CASE_CODE_CS_046,C#,functional,70,90,Gemini 2.5 Pro,Google,32.0,82,90-70,1,1,0,0,0,100.0,100.0,,5,5,5,1,1,1,1,5,5,,2025-09-05,Rafael Navas,94.85,Intel Corei5-10400,16 Gb,Windows 11 Pro
CASE_CODE_CS_046,C#,functional,70,90,DeepSeek-V3,DeepSeek,26.0,85,90-70,1,1,0,0,0,100.0,100.0,,5,5,5,1,1,1,1,4,5,Justificaciones poco especificas,2025-09-05,Rafael Navas,94.85,Intel Corei5-10400,16 Gb,Windows 11 Pro
CASE_CODE_CS_047,C#,structural,40,60,Claude Opus 4.1,Anthropic,19.0,84,60-40,0,1,0,0,0,1.0,0.0,0.0,5,5,5,1,1,1,1,5,5,Porcentaje de similitud por encima del esperado,2025-09-05,Rafael Navas,94.85,Intel Corei5-10400,16 Gb,Windows 11 Pro
CASE_CODE_CS_047,C#,structural,40,60,GPT-5,OpenAI,22.0,90,60-40,0,1,0,0,0,1.0,0.0,0.0,5,5,5,1,1,1,1,5,5,Porcentaje de similitud por encima del esperado,2025-09-05,Rafael Navas,94.85,Intel Corei5-10400,16 Gb,Windows 11 Pro
CASE_CODE_CS_047,C#,structural,40,60,Gemini 2.5 Pro,Google,26.0,92,60-40,0,1,0,0,0,1.0,0.0,0.0,5,5,5,1,1,1,1,5,5,Porcentaje de similitud por encima del esperado,2025-09-05,Rafael Navas,94.85,Intel Corei5-10400,16 Gb,Windows 11 Pro
CASE_CODE_CS_047,C#,structural,40,60,DeepSeek-V3,DeepSeek,27.0,78,60-40,0,1,0,0,0,1.0,0.0,0.0,5,5,5,1,1,1,1,4,5,"Porcentaje de similitud por encima del esperado, Justificaciones poco especificas",2025-09-05,Rafael Navas,94.85,Intel Corei5-10400,16 Gb,Windows 11 Pro
CASE_CODE_CS_048,C#,different,0,20,Claude Opus 4.1,Anthropic,15.0,30,30-0,1,1,0,0,0,100.0,100.0,,5,5,5,1,1,1,1,5,5,,2025-09-05,Rafael Navas,94.85,Intel Corei5-10400,16 Gb,Windows 11 Pro
CASE_CODE_CS_048,C#,different,0,20,GPT-5,OpenAI,27.0,35,30-0,0,1,0,0,0,100.0,100.0,,5,5,5,1,1,1,1,5,5,,2025-09-05,Rafael Navas,94.85,Intel Corei5-10400,16 Gb,Windows 11 Pro
CASE_CODE_CS_048,C#,different,0,20,Gemini 2.5 Pro,Google,33.0,25,30-0,1,1,0,0,0,100.0,100.0,,5,5,5,1,1,1,1,5,5,,2025-09-05,Rafael Navas,94.85,Intel Corei5-10400,16 Gb,Windows 11 Pro
CASE_CODE_CS_048,C#,different,0,20,DeepSeek-V3,DeepSeek,35.0,22,30-0,1,1,0,0,0,100.0,100.0,,5,5,5,1,1,1,1,4,5,Justificaciones poco especificas,2025-09-05,Rafael Navas,94.85,Intel Corei5-10400,16 Gb,Windows 11 Pro
CASE_CODE_CS_049,C#,identical,100,100,Claude Opus 4.1,Anthropic,16.0,100,100,1,1,0,0,0,100.0,100.0,,5,5,5,1,1,1,1,5,5,,2025-09-06,Rafael Navas,94.73,Intel Corei5-10400,16 Gb,Windows 11 Pro
CASE_CODE_CS_049,C#,identical,100,100,GPT-5,OpenAI,16.0,100,100,1,1,0,0,0,100.0,100.0,,5,5,5,1,1,1,1,5,5,,2025-09-06,Rafael Navas,94.73,Intel Corei5-10400,16 Gb,Windows 11 Pro
CASE_CODE_CS_049,C#,identical,100,100,Gemini 2.5 Pro,Google,22.0,100,100,1,1,0,0,0,100.0,100.0,,5,5,5,1,1,1,1,4,5,Justificaciones poco especificas,2025-09-06,Rafael Navas,94.73,Intel Corei5-10400,16 Gb,Windows 11 Pro
CASE_CODE_CS_049,C#,identical,100,100,DeepSeek-V3,DeepSeek,17.0,100,100,1,1,0,0,0,100.0,100.0,,5,5,5,1,1,1,1,4,5,Justificaciones poco especificas,2025-09-06,Rafael Navas,94.73,Intel Corei5-10400,16 Gb,Windows 11 Pro
CASE_CODE_CS_050,C#,functional,70,90,Claude Opus 4.1,Anthropic,18.0,68,90-70,0,1,0,0,0,100.0,100.0,,5,5,5,1,1,1,1,5,5,,2025-09-06,Rafael Navas,94.73,Intel Corei5-10400,16 Gb,Windows 11 Pro
CASE_CODE_CS_050,C#,functional,70,90,GPT-5,OpenAI,19.0,76,90-70,1,1,0,0,0,100.0,100.0,,5,5,5,1,1,1,1,5,5,,2025-09-06,Rafael Navas,94.73,Intel Corei5-10400,16 Gb,Windows 11 Pro
CASE_CODE_CS_050,C#,functional,70,90,Gemini 2.5 Pro,Google,32.0,71,90-70,1,1,0,0,0,100.0,100.0,,5,5,5,1,1,1,1,5,5,,2025-09-06,Rafael Navas,94.73,Intel Corei5-10400,16 Gb,Windows 11 Pro
CASE_CODE_CS_050,C#,functional,70,90,DeepSeek-V3,DeepSeek,24.0,80,90-70,1,1,0,0,0,100.0,100.0,,5,5,5,1,1,1,1,4,5,Justificaciones poco especificas,2025-09-06,Rafael Navas,94.73,Intel Corei5-10400,16 Gb,Windows 11 Pro
CASE_CODE_CS_051,C#,structural,40,60,Claude Opus 4.1,Anthropic,22.0,58,60-40,1,1,0,0,0,100.0,100.0,,,,,1,1,1,1,5,5,,2025-09-06,Rafael Navas,94.73,Intel Corei5-10400,16 Gb,Windows 11 Pro
CASE_CODE_CS_051,C#,structural,40,60,GPT-5,OpenAI,21.0,67,60-40,0,1,0,0,0,100.0,100.0,,,,,1,1,1,1,5,5,,2025-09-06,Rafael Navas,94.73,Intel Corei5-10400,16 Gb,Windows 11 Pro
CASE_CODE_CS_051,C#,structural,40,60,Gemini 2.5 Pro,Google,25.0,63,60-40,0,1,0,0,0,100.0,100.0,,,,,1,1,1,1,5,5,,2025-09-06,Rafael Navas,94.73,Intel Corei5-10400,16 Gb,Windows 11 Pro
CASE_CODE_CS_051,C#,structural,40,60,DeepSeek-V3,DeepSeek,22.0,55,60-40,1,1,0,0,0,100.0,100.0,,,,,1,1,1,1,4,5,Justificaciones poco especificas,2025-09-06,Rafael Navas,94.73,Intel Corei5-10400,16 Gb,Windows 11 Pro
CASE_CODE_CS_052,C#,different,0,20,Claude Opus 4.1,Anthropic,17.0,12,30-0,1,1,0,0,0,100.0,100.0,,5,5,5,1,1,1,1,5,5,,2025-09-06,Rafael Navas,94.73,Intel Corei5-10400,16 Gb,Windows 11 Pro
CASE_CODE_CS_052,C#,different,0,20,GPT-5,OpenAI,23.0,25,30-0,1,1,0,0,0,100.0,100.0,,5,5,5,1,1,1,1,5,5,,2025-09-06,Rafael Navas,94.73,Intel Corei5-10400,16 Gb,Windows 11 Pro
CASE_CODE_CS_052,C#,different,0,20,Gemini 2.5 Pro,Google,23.0,14,30-0,1,1,0,0,0,100.0,100.0,,5,5,5,1,1,1,1,5,5,,2025-09-06,Rafael Navas,94.73,Intel Corei5-10400,16 Gb,Windows 11 Pro
CASE_CODE_CS_052,C#,different,0,20,DeepSeek-V3,DeepSeek,26.0,15,30-0,1,1,0,0,0,100.0,100.0,,5,5,5,1,1,1,1,4,5,Justificaciones poco especificas,2025-09-06,Rafael Navas,94.73,Intel Corei5-10400,16 Gb,Windows 11 Pro
CASE_CODE_CS_053,C#,identical,100,100,Claude Opus 4.1,Anthropic,14.0,100,100,1,1,0,0,0,100.0,100.0,,5,5,5,1,1,1,1,5,5,,2025-09-06,Rafael Navas,94.73,Intel Corei5-10400,16 Gb,Windows 11 Pro
CASE_CODE_CS_053,C#,identical,100,100,GPT-5,OpenAI,15.0,100,100,1,1,0,0,0,100.0,100.0,,5,5,5,1,1,1,1,5,5,,2025-09-06,Rafael Navas,94.73,Intel Corei5-10400,16 Gb,Windows 11 Pro
CASE_CODE_CS_053,C#,identical,100,100,Gemini 2.5 Pro,Google,21.0,100,100,1,1,0,0,0,100.0,100.0,,5,5,5,1,1,1,1,4,5,Justificaciones poco especificas,2025-09-06,Rafael Navas,94.73,Intel Corei5-10400,16 Gb,Windows 11 Pro
CASE_CODE_CS_053,C#,identical,100,100,DeepSeek-V3,DeepSeek,20.0,100,100,1,1,0,0,0,100.0,100.0,,5,5,5,1,1,1,1,4,5,Justificaciones poco especificas,2025-09-06,Rafael Navas,94.73,Intel Corei5-10400,16 Gb,Windows 11 Pro
CASE_CODE_CS_054,C#,functional,70,90,Claude Opus 4.1,Anthropic,19.0,80,90-70,1,1,0,0,0,100.0,100.0,,5,5,5,1,1,1,1,5,5,,2025-09-06,Rafael Navas,94.73,Intel Corei5-10400,16 Gb,Windows 11 Pro
CASE_CODE_CS_054,C#,functional,70,90,GPT-5,OpenAI,23.0,82,90-70,1,1,0,0,0,100.0,100.0,,5,5,5,1,1,1,1,5,5,,2025-09-06,Rafael Navas,94.73,Intel Corei5-10400,16 Gb,Windows 11 Pro
CASE_CODE_CS_054,C#,functional,70,90,Gemini 2.5 Pro,Google,29.0,80,90-70,1,1,0,0,0,100.0,100.0,,5,5,5,1,1,1,1,5,5,,2025-09-06,Rafael Navas,94.73,Intel Corei5-10400,16 Gb,Windows 11 Pro
CASE_CODE_CS_054,C#,functional,70,90,DeepSeek-V3,DeepSeek,25.0,80,90-70,1,1,0,0,0,100.0,100.0,,5,5,5,1,1,1,1,4,5,Justificaciones poco especificas,2025-09-06,Rafael Navas,94.73,Intel Corei5-10400,16 Gb,Windows 11 Pro
CASE_CODE_CS_055,C#,structural,40,60,Claude Opus 4.1,Anthropic,18.0,85,60-40,0,1,0,0,0,100.0,100.0,,5,5,5,1,1,1,1,5,5,,2025-09-06,Rafael Navas,94.73,Intel Corei5-10400,16 Gb,Windows 11 Pro
CASE_CODE_CS_055,C#,structural,40,60,GPT-5,OpenAI,24.0,87,60-40,0,1,0,0,0,100.0,100.0,,5,5,5,1,1,1,1,5,5,,2025-09-06,Rafael Navas,94.73,Intel Corei5-10400,16 Gb,Windows 11 Pro
CASE_CODE_CS_055,C#,structural,40,60,Gemini 2.5 Pro,Google,28.0,86,60-40,0,1,0,0,0,100.0,100.0,,5,5,5,1,1,1,1,5,5,,2025-09-06,Rafael Navas,94.73,Intel Corei5-10400,16 Gb,Windows 11 Pro
CASE_CODE_CS_055,C#,structural,40,60,DeepSeek-V3,DeepSeek,28.0,85,60-40,0,1,0,0,0,100.0,100.0,,5,5,5,1,1,1,1,4,5,Justificaciones poco especificas,2025-09-06,Rafael Navas,94.73,Intel Corei5-10400,16 Gb,Windows 11 Pro
CASE_CODE_CS_056,C#,different,0,20,Claude Opus 4.1,Anthropic,22.0,18,30-0,1,1,0,0,0,100.0,100.0,,5,5,5,1,1,1,1,4,5,Justificaciones poco especificas,2025-09-06,Rafael Navas,94.73,Intel Corei5-10400,16 Gb,Windows 11 Pro
CASE_CODE_CS_056,C#,different,0,20,GPT-5,OpenAI,23.0,33,30-0,0,1,0,0,0,100.0,100.0,,5,5,5,1,1,1,1,4,5,Justificaciones poco especificas,2025-09-06,Rafael Navas,94.73,Intel Corei5-10400,16 Gb,Windows 11 Pro
CASE_CODE_CS_056,C#,different,0,20,Gemini 2.5 Pro,Google,29.0,23,30-0,1,1,0,0,0,100.0,100.0,,5,5,5,1,1,1,1,4,5,Justificaciones poco especificas,2025-09-06,Rafael Navas,94.73,Intel Corei5-10400,16 Gb,Windows 11 Pro
CASE_CODE_CS_056,C#,different,0,20,DeepSeek-V3,DeepSeek,27.0,20,30-0,1,1,0,0,0,100.0,100.0,,5,5,5,1,1,1,1,4,5,Justificaciones poco especificas,2025-09-06,Rafael Navas,94.73,Intel Corei5-10400,16 Gb,Windows 11 Pro
CASE_CODE_CS_057,C#,identical,100,100,Claude Opus 4.1,Anthropic,14.0,100,100,1,1,0,0,0,100.0,100.0,,5,5,5,1,1,1,1,5,5,,2025-09-07,Rafael Navas,94.97,Intel Corei5-10400,16 Gb,Windows 11 Pro
CASE_CODE_CS_057,C#,identical,100,100,GPT-5,OpenAI,20.0,100,100,1,1,0,0,0,100.0,100.0,,4,5,5,1,1,1,1,4,4,Justificaciones ligeramente difíciles de entender,2025-09-07,Rafael Navas,94.97,Intel Corei5-10400,16 Gb,Windows 11 Pro
CASE_CODE_CS_057,C#,identical,100,100,Gemini 2.5 Pro,Google,20.0,100,100,1,1,0,0,0,100.0,100.0,,5,5,5,1,1,1,1,4,5,Justificaciones poco especificas,2025-09-07,Rafael Navas,94.97,Intel Corei5-10400,16 Gb,Windows 11 Pro
CASE_CODE_CS_057,C#,identical,100,100,DeepSeek-V3,DeepSeek,22.0,100,100,1,1,0,0,0,100.0,100.0,,5,5,5,1,1,1,1,4,5,Justificaciones un poco pobres,2025-09-07,Rafael Navas,94.97,Intel Corei5-10400,16 Gb,Windows 11 Pro
CASE_CODE_CS_058,C#,functional,70,90,Claude Opus 4.1,Anthropic,17.0,76,90-70,1,1,0,0,0,100.0,100.0,,5,5,5,1,1,1,1,5,5,,2025-09-07,Rafael Navas,94.97,Intel Corei5-10400,16 Gb,Windows 11 Pro
CASE_CODE_CS_058,C#,functional,70,90,GPT-5,OpenAI,26.0,79,90-70,1,1,0,0,0,100.0,100.0,,4,5,5,1,1,1,1,5,5,Justificación de similitud general poco clara,2025-09-07,Rafael Navas,94.97,Intel Corei5-10400,16 Gb,Windows 11 Pro
CASE_CODE_CS_058,C#,functional,70,90,Gemini 2.5 Pro,Google,27.0,80,90-70,1,1,0,0,0,100.0,100.0,,5,5,5,1,1,1,1,5,5,,2025-09-07,Rafael Navas,94.97,Intel Corei5-10400,16 Gb,Windows 11 Pro
CASE_CODE_CS_058,C#,functional,70,90,DeepSeek-V3,DeepSeek,25.0,78,90-70,1,1,0,0,0,100.0,100.0,,5,5,5,1,1,1,1,4,5,Justificaciones poco especificas,2025-09-07,Rafael Navas,94.97,Intel Corei5-10400,16 Gb,Windows 11 Pro
CASE_CODE_CS_059,C#,structural,40,60,Claude Opus 4.1,Anthropic,15.0,91,60-40,0,1,0,0,0,100.0,100.0,,5,5,5,1,1,1,1,5,5,Porcentaje de similitud por encima de lo esperado,2025-09-07,Rafael Navas,94.97,Intel Corei5-10400,16 Gb,Windows 11 Pro
CASE_CODE_CS_059,C#,structural,40,60,GPT-5,OpenAI,25.0,88,60-40,0,1,0,0,0,100.0,100.0,,5,5,5,1,1,1,1,5,5,Porcentaje de similitud por encima de lo esperado,2025-09-07,Rafael Navas,94.97,Intel Corei5-10400,16 Gb,Windows 11 Pro
CASE_CODE_CS_059,C#,structural,40,60,Gemini 2.5 Pro,Google,28.0,94,60-40,0,1,0,0,0,100.0,100.0,,5,5,5,1,1,1,1,5,5,Porcentaje de similitud por encima de lo esperado,2025-09-07,Rafael Navas,94.97,Intel Corei5-10400,16 Gb,Windows 11 Pro
CASE_CODE_CS_059,C#,structural,40,60,DeepSeek-V3,DeepSeek,27.0,90,60-40,0,1,0,0,0,100.0,100.0,,5,5,5,1,1,1,1,5,5,Porcentaje de similitud por encima de lo esperado,2025-09-07,Rafael Navas,94.97,Intel Corei5-10400,16 Gb,Windows 11 Pro
CASE_CODE_CS_060,C#,different,0,20,Claude Opus 4.1,Anthropic,21.0,18,30-0,1,1,0,0,0,100.0,100.0,,5,5,5,1,1,1,1,5,5,,2025-09-07,Rafael Navas,94.97,Intel Corei5-10400,16 Gb,Windows 11 Pro
CASE_CODE_CS_060,C#,different,0,20,GPT-5,OpenAI,31.0,26,30-0,1,1,0,0,0,100.0,100.0,,5,5,5,1,1,1,1,4,4,Justificación de similitud general poco especifica,2025-09-07,Rafael Navas,94.97,Intel Corei5-10400,16 Gb,Windows 11 Pro
CASE_CODE_CS_060,C#,different,0,20,Gemini 2.5 Pro,Google,27.0,20,30-0,1,1,0,0,0,100.0,100.0,,5,5,5,1,1,1,1,5,5,,2025-09-07,Rafael Navas,94.97,Intel Corei5-10400,16 Gb,Windows 11 Pro
CASE_CODE_CS_060,C#,different,0,20,DeepSeek-V3,DeepSeek,26.0,15,30-0,1,1,0,0,0,100.0,100.0,,5,5,5,1,1,1,1,4,5,,2025-09-07,Rafael Navas,94.97,Intel Corei5-10400,16 Gb,Windows 11 Pro
CASE_CODE_JAVA_001,Java,identical,100,100,Claude Opus 4.1,Anthropic,17.0,100,100,1,1,0,0,0,100.0,100.0,,5,5,5,1,1,1,1,5,5,,2025-09-08,Rafael Navas,94.94,Intel Corei5-10400,16 Gb,Windows 11 Pro
CASE_CODE_JAVA_001,Java,identical,100,100,GPT-5,OpenAI,13.0,100,100,1,1,0,0,0,100.0,100.0,,5,5,5,1,1,1,1,5,5,,2025-09-08,Rafael Navas,94.94,Intel Corei5-10400,16 Gb,Windows 11 Pro
CASE_CODE_JAVA_001,Java,identical,100,100,Gemini 2.5 Pro,Google,18.0,100,100,1,1,0,0,0,100.0,100.0,,5,5,5,1,1,1,1,5,5,,2025-09-08,Rafael Navas,94.94,Intel Corei5-10400,16 Gb,Windows 11 Pro
CASE_CODE_JAVA_001,Java,identical,100,100,DeepSeek-V3,DeepSeek,15.0,100,100,1,1,0,0,0,100.0,100.0,,5,5,5,1,1,1,1,4,5,Justificaciones un poco pobres,2025-09-08,Rafael Navas,94.94,Intel Corei5-10400,16 Gb,Windows 11 Pro
CASE_CODE_JAVA_002,Java,functional,70,90,Claude Opus 4.1,Anthropic,17.0,66,90-70,0,1,0,0,0,100.0,100.0,,5,5,5,1,1,1,1,5,5,,2025-09-08,Rafael Navas,94.94,Intel Corei5-10400,16 Gb,Windows 11 Pro
CASE_CODE_JAVA_002,Java,functional,70,90,GPT-5,OpenAI,19.0,79,90-70,1,1,0,0,0,100.0,100.0,,5,5,5,1,1,1,1,5,5,,2025-09-08,Rafael Navas,94.94,Intel Corei5-10400,16 Gb,Windows 11 Pro
CASE_CODE_JAVA_002,Java,functional,70,90,Gemini 2.5 Pro,Google,22.0,58,90-70,0,1,0,0,0,100.0,100.0,,5,5,5,1,1,1,1,5,5,,2025-09-08,Rafael Navas,94.94,Intel Corei5-10400,16 Gb,Windows 11 Pro
CASE_CODE_JAVA_002,Java,functional,70,90,DeepSeek-V3,DeepSeek,24.0,65,90-70,0,1,0,0,0,100.0,100.0,,5,5,5,1,1,1,1,5,5,,2025-09-08,Rafael Navas,94.94,Intel Corei5-10400,16 Gb,Windows 11 Pro
CASE_CODE_JAVA_003,Java,structural,40,60,Claude Opus 4.1,Anthropic,19.0,85,60-40,0,1,0,0,0,100.0,100.0,,5,5,5,1,1,1,1,5,5,Porcentaje de similitud por encima del esperado,2025-09-08,Rafael Navas,94.94,Intel Corei5-10400,16 Gb,Windows 11 Pro
CASE_CODE_JAVA_003,Java,structural,40,60,GPT-5,OpenAI,23.0,93,60-40,0,1,0,0,0,100.0,100.0,,5,5,5,1,1,1,1,5,5,Porcentaje de similitud por encima del esperado,2025-09-08,Rafael Navas,94.94,Intel Corei5-10400,16 Gb,Windows 11 Pro
CASE_CODE_JAVA_003,Java,structural,40,60,Gemini 2.5 Pro,Google,29.0,90,60-40,0,1,0,0,0,100.0,100.0,,5,5,5,1,1,1,1,5,5,Porcentaje de similitud por encima del esperado,2025-09-08,Rafael Navas,94.94,Intel Corei5-10400,16 Gb,Windows 11 Pro
CASE_CODE_JAVA_003,Java,structural,40,60,DeepSeek-V3,DeepSeek,22.0,85,60-40,0,1,0,0,0,100.0,100.0,,5,5,5,1,1,1,1,5,5,Porcentaje de similitud por encima del esperado,2025-09-08,Rafael Navas,94.94,Intel Corei5-10400,16 Gb,Windows 11 Pro
CASE_CODE_JAVA_004,Java,different,0,20,Claude Opus 4.1,Anthropic,26.0,11,30-0,1,1,0,0,0,100.0,100.0,,5,5,5,1,1,1,1,5,5,,2025-09-08,Rafael Navas,94.94,Intel Corei5-10400,16 Gb,Windows 11 Pro
CASE_CODE_JAVA_004,Java,different,0,20,GPT-5,OpenAI,26.0,23,30-0,1,1,0,0,0,100.0,100.0,,5,5,5,1,1,1,1,5,5,,2025-09-08,Rafael Navas,94.94,Intel Corei5-10400,16 Gb,Windows 11 Pro
CASE_CODE_JAVA_004,Java,different,0,20,Gemini 2.5 Pro,Google,26.0,10,30-0,1,1,0,0,0,100.0,100.0,,5,5,5,1,1,1,1,5,5,,2025-09-08,Rafael Navas,94.94,Intel Corei5-10400,16 Gb,Windows 11 Pro
CASE_CODE_JAVA_004,Java,different,0,20,DeepSeek-V3,DeepSeek,19.0,12,30-0,1,1,0,0,0,100.0,100.0,,5,5,5,1,1,1,1,4,5,Justificaciones poco especificas,2025-09-08,Rafael Navas,94.94,Intel Corei5-10400,16 Gb,Windows 11 Pro
CASE_CODE_JAVA_005,Java,identical,100,100,Claude Opus 4.1,Anthropic,12.0,100,100,1,1,0,0,0,100.0,100.0,,5,5,5,1,1,1,1,5,5,,2025-09-08,Rafael Navas,94.94,Intel Corei5-10400,16 Gb,Windows 11 Pro
CASE_CODE_JAVA_005,Java,identical,100,100,GPT-5,OpenAI,14.0,100,100,1,1,0,0,0,100.0,100.0,,5,5,5,1,1,1,1,5,5,,2025-09-08,Rafael Navas,94.94,Intel Corei5-10400,16 Gb,Windows 11 Pro
CASE_CODE_JAVA_005,Java,identical,100,100,Gemini 2.5 Pro,Google,15.0,100,100,1,1,0,0,0,100.0,100.0,,5,5,5,1,1,1,1,5,5,,2025-09-08,Rafael Navas,94.94,Intel Corei5-10400,16 Gb,Windows 11 Pro
CASE_CODE_JAVA_005,Java,identical,100,100,DeepSeek-V3,DeepSeek,21.0,100,100,1,1,0,0,0,100.0,100.0,,5,5,5,1,1,1,1,5,5,,2025-09-08,Rafael Navas,94.94,Intel Corei5-10400,16 Gb,Windows 11 Pro
CASE_CODE_JAVA_006,Java,functional,70,90,Claude Opus 4.1,Anthropic,28.0,57,90-70,0,1,0,0,0,100.0,100.0,,5,5,5,1,1,1,1,5,5,,2025-09-08,Rafael Navas,94.94,Intel Corei5-10400,16 Gb,Windows 11 Pro
CASE_CODE_JAVA_006,Java,functional,70,90,GPT-5,OpenAI,21.0,71,90-70,1,1,0,0,0,100.0,100.0,,5,5,5,1,1,1,1,5,5,,2025-09-08,Rafael Navas,94.94,Intel Corei5-10400,16 Gb,Windows 11 Pro
CASE_CODE_JAVA_006,Java,functional,70,90,Gemini 2.5 Pro,Google,20.0,59,90-70,0,1,0,0,0,100.0,100.0,,5,5,5,1,1,1,1,5,5,,2025-09-08,Rafael Navas,94.94,Intel Corei5-10400,16 Gb,Windows 11 Pro
CASE_CODE_JAVA_006,Java,functional,70,90,DeepSeek-V3,DeepSeek,24.0,65,90-70,0,1,0,0,0,100.0,100.0,,5,5,5,1,1,1,1,5,5,,2025-09-08,Rafael Navas,94.94,Intel Corei5-10400,16 Gb,Windows 11 Pro
CASE_CODE_JAVA_007,Java,structural,40,60,Claude Opus 4.1,Anthropic,25.0,56,60-40,1,1,0,0,0,100.0,100.0,,5,5,5,1,1,1,1,5,5,,2025-09-08,Rafael Navas,94.94,Intel Corei5-10400,16 Gb,Windows 11 Pro
CASE_CODE_JAVA_007,Java,structural,40,60,GPT-5,OpenAI,26.0,76,60-40,0,1,0,0,0,100.0,100.0,,5,5,5,1,1,1,1,5,5,Porcentaje de similitud por encima del esperado,2025-09-08,Rafael Navas,94.94,Intel Corei5-10400,16 Gb,Windows 11 Pro
CASE_CODE_JAVA_007,Java,structural,40,60,Gemini 2.5 Pro,Google,28.0,60,60-40,1,1,0,0,0,100.0,100.0,,5,5,5,1,1,1,1,4,5,Justificaciones poco especificas,2025-09-08,Rafael Navas,94.94,Intel Corei5-10400,16 Gb,Windows 11 Pro
CASE_CODE_JAVA_007,Java,structural,40,60,DeepSeek-V3,DeepSeek,25.0,70,60-40,0,1,0,0,0,100.0,100.0,,5,5,5,1,1,1,1,4,5,Porcentaje de similitud por encima del esperado,2025-09-08,Rafael Navas,94.94,Intel Corei5-10400,16 Gb,Windows 11 Pro
CASE_CODE_JAVA_008,Java,different,0,20,Claude Opus 4.1,Anthropic,20.0,8,30-0,1,1,0,0,0,100.0,100.0,,5,5,5,1,1,1,1,5,5,,2025-09-08,Rafael Navas,94.94,Intel Corei5-10400,16 Gb,Windows 11 Pro
CASE_CODE_JAVA_008,Java,different,0,20,GPT-5,OpenAI,21.0,23,30-0,1,1,0,0,0,100.0,100.0,,5,5,5,1,1,1,1,5,5,,2025-09-08,Rafael Navas,94.94,Intel Corei5-10400,16 Gb,Windows 11 Pro
CASE_CODE_JAVA_008,Java,different,0,20,Gemini 2.5 Pro,Google,24.0,8,30-0,1,1,0,0,0,100.0,100.0,,5,5,5,1,1,1,1,5,5,,2025-09-08,Rafael Navas,94.94,Intel Corei5-10400,16 Gb,Windows 11 Pro
CASE_CODE_JAVA_008,Java,different,0,20,DeepSeek-V3,DeepSeek,26.0,15,30-0,1,1,0,0,0,100.0,100.0,,5,5,5,1,1,1,1,4,5,Justificaciones poco especificas,2025-09-08,Rafael Navas,94.94,Intel Corei5-10400,16 Gb,Windows 11 Pro
CASE_CODE_JAVA_009,Java,identical,100,100,Claude Opus 4.1,Anthropic,22.0,100,100,1,1,0,0,0,100.0,100.0,,5,5,5,1,1,1,1,5,5,,2025-09-09,Rafael Navas,94.60,Intel Corei5-10400,16 Gb,Windows 11 Pro
CASE_CODE_JAVA_009,Java,identical,100,100,GPT-5,OpenAI,20.0,100,100,1,1,0,0,0,100.0,100.0,,5,5,5,1,1,1,1,5,5,,2025-09-09,Rafael Navas,94.60,Intel Corei5-10400,16 Gb,Windows 11 Pro
CASE_CODE_JAVA_009,Java,identical,100,100,Gemini 2.5 Pro,Google,20.0,100,100,1,1,0,0,0,100.0,100.0,,5,5,5,1,1,1,1,5,5,,2025-09-09,Rafael Navas,94.60,Intel Corei5-10400,16 Gb,Windows 11 Pro
CASE_CODE_JAVA_009,Java,identical,100,100,DeepSeek-V3,DeepSeek,17.0,100,100,1,1,0,0,0,100.0,100.0,,5,5,5,1,1,1,1,3,5,Justificaciones insuficientes,2025-09-09,Rafael Navas,94.60,Intel Corei5-10400,16 Gb,Windows 11 Pro
CASE_CODE_JAVA_010,Java,functional,70,90,Claude Opus 4.1,Anthropic,24.0,57,90-70,0,1,0,0,0,100.0,100.0,,5,5,5,1,1,1,1,5,5,,2025-09-09,Rafael Navas,94.60,Intel Corei5-10400,16 Gb,Windows 11 Pro
CASE_CODE_JAVA_010,Java,functional,70,90,GPT-5,OpenAI,24.0,69,90-70,0,1,0,0,0,100.0,100.0,,5,5,5,1,1,1,1,5,5,,2025-09-09,Rafael Navas,94.60,Intel Corei5-10400,16 Gb,Windows 11 Pro
CASE_CODE_JAVA_010,Java,functional,70,90,Gemini 2.5 Pro,Google,25.0,57,90-70,0,1,0,0,0,100.0,100.0,,5,5,5,1,1,1,1,5,5,,2025-09-09,Rafael Navas,94.60,Intel Corei5-10400,16 Gb,Windows 11 Pro
CASE_CODE_JAVA_010,Java,functional,70,90,DeepSeek-V3,DeepSeek,25.0,65,90-70,0,1,0,0,0,100.0,100.0,,5,5,5,1,1,1,1,4,5,Justificaciones un poco pobres,2025-09-09,Rafael Navas,94.60,Intel Corei5-10400,16 Gb,Windows 11 Pro
CASE_CODE_JAVA_011,Java,structural,40,60,Claude Opus 4.1,Anthropic,21.0,89,60-40,0,1,0,0,0,100.0,100.0,,5,5,5,1,1,1,1,5,5,Justificaciones por encima de lo esperado,2025-09-09,Rafael Navas,94.60,Intel Corei5-10400,16 Gb,Windows 11 Pro
CASE_CODE_JAVA_011,Java,structural,40,60,GPT-5,OpenAI,26.0,92,60-40,0,1,0,0,0,100.0,100.0,,5,5,5,1,1,1,1,5,5,Justificaciones por encima de lo esperado,2025-09-09,Rafael Navas,94.60,Intel Corei5-10400,16 Gb,Windows 11 Pro
CASE_CODE_JAVA_011,Java,structural,40,60,Gemini 2.5 Pro,Google,22.0,95,60-40,0,1,0,0,0,100.0,100.0,,5,5,5,1,1,1,1,5,5,Justificaciones por encima de lo esperado,2025-09-09,Rafael Navas,94.60,Intel Corei5-10400,16 Gb,Windows 11 Pro
CASE_CODE_JAVA_011,Java,structural,40,60,DeepSeek-V3,DeepSeek,24.0,85,60-40,0,1,0,0,0,100.0,100.0,,5,4,5,1,1,1,1,,,"Justificaciones por encima de lo esperado, Justificaciones poco especificas",2025-09-09,Rafael Navas,94.60,Intel Corei5-10400,16 Gb,Windows 11 Pro
CASE_CODE_JAVA_012,Java,different,0,20,Claude Opus 4.1,Anthropic,23.0,8,30-0,1,1,0,0,0,100.0,100.0,,5,5,5,1,1,1,1,5,5,,2025-09-09,Rafael Navas,94.60,Intel Corei5-10400,16 Gb,Windows 11 Pro
CASE_CODE_JAVA_012,Java,different,0,20,GPT-5,OpenAI,26.0,20,30-0,1,1,0,0,0,100.0,100.0,,5,5,5,1,1,1,1,5,5,,2025-09-09,Rafael Navas,94.60,Intel Corei5-10400,16 Gb,Windows 11 Pro
CASE_CODE_JAVA_012,Java,different,0,20,Gemini 2.5 Pro,Google,27.0,9,30-0,1,1,0,0,0,100.0,100.0,,5,5,5,1,1,1,1,5,5,,2025-09-09,Rafael Navas,94.60,Intel Corei5-10400,16 Gb,Windows 11 Pro
CASE_CODE_JAVA_012,Java,different,0,20,DeepSeek-V3,DeepSeek,20.0,5,30-0,1,1,0,0,0,100.0,100.0,,5,5,5,1,1,1,1,4,5,Justificaciones poco especificas,2025-09-09,Rafael Navas,94.60,Intel Corei5-10400,16 Gb,Windows 11 Pro
CASE_CODE_JAVA_013,Java,identical,100,100,Claude Opus 4.1,Anthropic,26.0,100,100,1,1,0,0,0,100.0,100.0,,5,5,5,1,1,1,1,5,5,,2025-09-09,Rafael Navas,94.60,Intel Corei5-10400,16 Gb,Windows 11 Pro
CASE_CODE_JAVA_013,Java,identical,100,100,GPT-5,OpenAI,22.0,100,100,1,1,0,0,0,100.0,100.0,,,,,1,1,1,1,5,5,,2025-09-09,Rafael Navas,94.60,Intel Corei5-10400,16 Gb,Windows 11 Pro
CASE_CODE_JAVA_013,Java,identical,100,100,Gemini 2.5 Pro,Google,22.0,100,100,1,1,0,0,0,100.0,100.0,,,,,1,1,1,1,5,5,,2025-09-09,Rafael Navas,94.60,Intel Corei5-10400,16 Gb,Windows 11 Pro
CASE_CODE_JAVA_013,Java,identical,100,100,DeepSeek-V3,DeepSeek,18.0,100,100,1,1,0,0,0,100.0,100.0,,,,,1,1,1,1,4,5,Justificaciones poco especificas,2025-09-09,Rafael Navas,94.60,Intel Corei5-10400,16 Gb,Windows 11 Pro
CASE_CODE_JAVA_014,Java,functional,70,90,Claude Opus 4.1,Anthropic,16.0,68,90-70,0,1,0,0,0,100.0,100.0,,5,5,5,1,1,1,1,5,5,,2025-09-09,Rafael Navas,94.60,Intel Corei5-10400,16 Gb,Windows 11 Pro
CASE_CODE_JAVA_014,Java,functional,70,90,GPT-5,OpenAI,48.0,76,90-70,1,1,0,0,0,100.0,100.0,,5,5,5,1,1,1,1,5,5,,2025-09-09,Rafael Navas,94.60,Intel Corei5-10400,16 Gb,Windows 11 Pro
CASE_CODE_JAVA_014,Java,functional,70,90,Gemini 2.5 Pro,Google,29.0,63,90-70,0,1,0,0,0,100.0,100.0,,5,5,5,1,1,1,1,5,5,,2025-09-09,Rafael Navas,94.60,Intel Corei5-10400,16 Gb,Windows 11 Pro
CASE_CODE_JAVA_014,Java,functional,70,90,DeepSeek-V3,DeepSeek,25.0,65,90-70,0,1,0,0,0,100.0,100.0,,5,5,5,1,1,1,1,5,5,,2025-09-09,Rafael Navas,94.60,Intel Corei5-10400,16 Gb,Windows 11 Pro
CASE_CODE_JAVA_015,Java,structural,40,60,Claude Opus 4.1,Anthropic,24.0,44,60-40,1,1,0,0,0,100.0,100.0,,5,5,5,1,1,1,1,5,5,,2025-09-09,Rafael Navas,94.60,Intel Corei5-10400,16 Gb,Windows 11 Pro
CASE_CODE_JAVA_015,Java,structural,40,60,GPT-5,OpenAI,40.0,73,60-40,0,1,0,0,0,100.0,100.0,,5,5,5,1,1,1,1,5,5,,2025-09-09,Rafael Navas,94.60,Intel Corei5-10400,16 Gb,Windows 11 Pro
CASE_CODE_JAVA_015,Java,structural,40,60,Gemini 2.5 Pro,Google,24.0,53,60-40,1,1,0,0,0,100.0,100.0,,5,5,5,1,1,1,1,4,5,Justificaciones poco especificas,2025-09-09,Rafael Navas,94.60,Intel Corei5-10400,16 Gb,Windows 11 Pro
CASE_CODE_JAVA_015,Java,structural,40,60,DeepSeek-V3,DeepSeek,23.0,45,60-40,1,1,0,0,0,100.0,100.0,,5,5,5,1,1,1,1,4,5,Justificaciones poco especificas,2025-09-09,Rafael Navas,94.60,Intel Corei5-10400,16 Gb,Windows 11 Pro
CASE_CODE_JAVA_016,Java,different,0,20,Claude Opus 4.1,Anthropic,16.0,8,30-0,1,1,0,0,0,100.0,100.0,,5,5,5,1,1,1,1,5,5,,2025-09-09,Rafael Navas,94.60,Intel Corei5-10400,16 Gb,Windows 11 Pro
CASE_CODE_JAVA_016,Java,different,0,20,GPT-5,OpenAI,31.0,20,30-0,1,1,0,0,0,100.0,100.0,,5,5,5,1,1,1,1,5,5,,2025-09-09,Rafael Navas,94.60,Intel Corei5-10400,16 Gb,Windows 11 Pro
CASE_CODE_JAVA_016,Java,different,0,20,Gemini 2.5 Pro,Google,27.0,11,30-0,1,1,0,0,0,100.0,100.0,,5,5,5,1,1,1,1,5,5,,2025-09-09,Rafael Navas,94.60,Intel Corei5-10400,16 Gb,Windows 11 Pro
CASE_CODE_JAVA_016,Java,different,0,20,DeepSeek-V3,DeepSeek,22.0,10,30-0,1,1,0,0,0,100.0,100.0,,5,5,5,1,1,1,1,4,5,Justificaciones pobres,2025-09-09,Rafael Navas,94.60,Intel Corei5-10400,16 Gb,Windows 11 Pro
CASE_CODE_JAVA_017,Java,identical,100,100,Claude Opus 4.1,Anthropic,14.0,100,100,1,1,0,0,0,100.0,100.0,,5,5,5,1,1,1,1,5,5,,2025-09-10,Rafael Navas,94.77,Intel Corei5-10400,16 Gb,Windows 11 Pro
CASE_CODE_JAVA_017,Java,identical,100,100,GPT-5,OpenAI,18.0,100,100,1,1,0,0,0,100.0,100.0,,5,5,5,1,1,1,1,5,5,,2025-09-10,Rafael Navas,94.77,Intel Corei5-10400,16 Gb,Windows 11 Pro
CASE_CODE_JAVA_017,Java,identical,100,100,Gemini 2.5 Pro,Google,20.0,100,100,1,1,0,0,0,100.0,100.0,,5,5,5,1,1,1,1,5,5,,2025-09-10,Rafael Navas,94.77,Intel Corei5-10400,16 Gb,Windows 11 Pro
CASE_CODE_JAVA_017,Java,identical,100,100,DeepSeek-V3,DeepSeek,17.0,100,100,1,1,0,0,0,100.0,100.0,,5,5,5,1,1,1,1,4,5,Justificaciones poco especificas,2025-09-10,Rafael Navas,94.77,Intel Corei5-10400,16 Gb,Windows 11 Pro
CASE_CODE_JAVA_018,Java,functional,70,90,Claude Opus 4.1,Anthropic,18.0,68,90-70,0,1,0,0,0,100.0,100.0,,5,5,5,1,1,1,1,5,5,,2025-09-10,Rafael Navas,94.77,Intel Corei5-10400,16 Gb,Windows 11 Pro
CASE_CODE_JAVA_018,Java,functional,70,90,GPT-5,OpenAI,23.0,85,90-70,1,1,0,0,0,100.0,100.0,,5,5,5,1,1,1,1,5,5,,2025-09-10,Rafael Navas,94.77,Intel Corei5-10400,16 Gb,Windows 11 Pro
CASE_CODE_JAVA_018,Java,functional,70,90,Gemini 2.5 Pro,Google,21.0,68,90-70,0,1,0,0,0,100.0,100.0,,5,5,5,1,1,1,1,5,5,,2025-09-10,Rafael Navas,94.77,Intel Corei5-10400,16 Gb,Windows 11 Pro
CASE_CODE_JAVA_018,Java,functional,70,90,DeepSeek-V3,DeepSeek,21.0,70,90-70,1,1,0,0,0,100.0,100.0,,5,5,5,1,1,1,1,5,5,Justificaciones poco especificas,2025-09-10,Rafael Navas,94.77,Intel Corei5-10400,16 Gb,Windows 11 Pro
CASE_CODE_JAVA_019,Java,structural,40,60,Claude Opus 4.1,Anthropic,22.0,48,60-40,1,1,0,0,0,100.0,100.0,,5,5,5,1,1,1,1,5,5,,2025-09-10,Rafael Navas,94.77,Intel Corei5-10400,16 Gb,Windows 11 Pro
CASE_CODE_JAVA_019,Java,structural,40,60,GPT-5,OpenAI,31.0,65,60-40,0,1,0,0,0,100.0,100.0,,5,5,5,1,1,1,1,5,5,,2025-09-10,Rafael Navas,94.77,Intel Corei5-10400,16 Gb,Windows 11 Pro
CASE_CODE_JAVA_019,Java,structural,40,60,Gemini 2.5 Pro,Google,25.0,58,60-40,1,1,0,0,0,100.0,100.0,,5,5,5,1,1,1,1,5,5,,2025-09-10,Rafael Navas,94.77,Intel Corei5-10400,16 Gb,Windows 11 Pro
CASE_CODE_JAVA_019,Java,structural,40,60,DeepSeek-V3,DeepSeek,23.0,60,60-40,1,1,0,0,0,100.0,100.0,,5,5,5,1,1,1,1,4,5,Justificaciones poco especificas,2025-09-10,Rafael Navas,94.77,Intel Corei5-10400,16 Gb,Windows 11 Pro
CASE_CODE_JAVA_020,Java,different,0,20,Claude Opus 4.1,Anthropic,18.0,12,30-0,1,1,0,0,0,100.0,100.0,,5,5,5,1,1,1,1,5,5,,2025-09-10,Rafael Navas,94.77,Intel Corei5-10400,16 Gb,Windows 11 Pro
CASE_CODE_JAVA_020,Java,different,0,20,GPT-5,OpenAI,22.0,18,30-0,1,1,0,0,0,100.0,100.0,,5,5,5,1,1,1,1,5,5,,2025-09-10,Rafael Navas,94.77,Intel Corei5-10400,16 Gb,Windows 11 Pro
CASE_CODE_JAVA_020,Java,different,0,20,Gemini 2.5 Pro,Google,30.0,12,30-0,1,1,0,0,0,100.0,100.0,,5,5,5,1,1,1,1,5,5,,2025-09-10,Rafael Navas,94.77,Intel Corei5-10400,16 Gb,Windows 11 Pro
CASE_CODE_JAVA_020,Java,different,0,20,DeepSeek-V3,DeepSeek,21.0,12,30-0,1,1,0,0,0,100.0,100.0,,5,5,5,1,1,1,1,4,5,Justificaciones poco especificas,2025-09-10,Rafael Navas,94.77,Intel Corei5-10400,16 Gb,Windows 11 Pro
CASE_CODE_JAVA_021,Java,identical,100,100,Claude Opus 4.1,Anthropic,15.0,100,100,1,1,0,0,0,100.0,100.0,,5,5,5,1,1,1,1,5,5,,2025-09-10,Rafael Navas,94.77,Intel Corei5-10400,16 Gb,Windows 11 Pro
CASE_CODE_JAVA_021,Java,identical,100,100,GPT-5,OpenAI,16.0,100,100,1,1,0,0,0,100.0,100.0,,5,5,5,1,1,1,1,5,5,,2025-09-10,Rafael Navas,94.77,Intel Corei5-10400,16 Gb,Windows 11 Pro
CASE_CODE_JAVA_021,Java,identical,100,100,Gemini 2.5 Pro,Google,21.0,100,100,1,1,0,0,0,100.0,100.0,,5,5,5,1,1,1,1,5,5,,2025-09-10,Rafael Navas,94.77,Intel Corei5-10400,16 Gb,Windows 11 Pro
CASE_CODE_JAVA_021,Java,identical,100,100,DeepSeek-V3,DeepSeek,20.0,100,100,1,1,0,0,0,100.0,100.0,,5,5,5,1,1,1,1,5,5,,2025-09-10,Rafael Navas,94.77,Intel Corei5-10400,16 Gb,Windows 11 Pro
CASE_CODE_JAVA_022,Java,functional,70,90,Claude Opus 4.1,Anthropic,16.0,68,90-70,0,1,0,0,0,100.0,100.0,,5,5,5,1,1,1,1,5,5,,2025-09-10,Rafael Navas,94.77,Intel Corei5-10400,16 Gb,Windows 11 Pro
CASE_CODE_JAVA_022,Java,functional,70,90,GPT-5,OpenAI,21.0,76,90-70,1,1,0,0,0,100.0,100.0,,5,5,5,1,1,1,1,5,5,,2025-09-10,Rafael Navas,94.77,Intel Corei5-10400,16 Gb,Windows 11 Pro
CASE_CODE_JAVA_022,Java,functional,70,90,Gemini 2.5 Pro,Google,29.0,77,90-70,1,1,0,0,0,100.0,100.0,,5,5,5,1,1,1,1,5,5,,2025-09-10,Rafael Navas,94.77,Intel Corei5-10400,16 Gb,Windows 11 Pro
CASE_CODE_JAVA_022,Java,functional,70,90,DeepSeek-V3,DeepSeek,22.0,78,90-70,1,1,0,0,0,100.0,100.0,,5,5,5,1,1,1,1,4,5,Justificaciones poco especificas,2025-09-10,Rafael Navas,94.77,Intel Corei5-10400,16 Gb,Windows 11 Pro
CASE_CODE_JAVA_023,Java,structural,40,60,Claude Opus 4.1,Anthropic,18.0,87,60-40,0,1,0,0,0,100.0,100.0,,5,5,5,1,1,1,1,5,5,Porcentaje de similitud por encima del esperado,2025-09-10,Rafael Navas,94.77,Intel Corei5-10400,16 Gb,Windows 11 Pro
CASE_CODE_JAVA_023,Java,structural,40,60,GPT-5,OpenAI,22.0,90,60-40,0,1,0,0,0,100.0,100.0,,5,5,5,1,1,1,1,5,5,Porcentaje de similitud por encima del esperado,2025-09-10,Rafael Navas,94.77,Intel Corei5-10400,16 Gb,Windows 11 Pro
CASE_CODE_JAVA_023,Java,structural,40,60,Gemini 2.5 Pro,Google,27.0,94,60-40,0,1,0,0,0,100.0,100.0,,5,5,5,1,1,1,1,5,5,Porcentaje de similitud por encima del esperado,2025-09-10,Rafael Navas,94.77,Intel Corei5-10400,16 Gb,Windows 11 Pro
CASE_CODE_JAVA_023,Java,structural,40,60,DeepSeek-V3,DeepSeek,22.0,90,60-40,0,1,0,0,0,100.0,100.0,,5,5,5,1,1,1,1,4,5,"Porcentaje de similitud por encima del esperado, Justificaciones poco especificas",2025-09-10,Rafael Navas,94.77,Intel Corei5-10400,16 Gb,Windows 11 Pro
CASE_CODE_JAVA_024,Java,different,0,20,Claude Opus 4.1,Anthropic,19.0,8,30-0,1,1,0,0,0,100.0,100.0,,5,5,5,1,1,1,1,5,5,,2025-09-10,Rafael Navas,94.77,Intel Corei5-10400,16 Gb,Windows 11 Pro
CASE_CODE_JAVA_024,Java,different,0,20,GPT-5,OpenAI,23.0,21,30-0,1,1,0,0,0,100.0,100.0,,5,5,5,1,1,1,1,5,5,,2025-09-10,Rafael Navas,94.77,Intel Corei5-10400,16 Gb,Windows 11 Pro
CASE_CODE_JAVA_024,Java,different,0,20,Gemini 2.5 Pro,Google,24.0,10,30-0,1,1,0,0,0,100.0,100.0,,5,5,5,1,1,1,1,5,5,,2025-09-10,Rafael Navas,94.77,Intel Corei5-10400,16 Gb,Windows 11 Pro
CASE_CODE_JAVA_024,Java,different,0,20,DeepSeek-V3,DeepSeek,22.0,15,30-0,1,1,0,0,0,100.0,100.0,,5,5,5,1,1,1,1,5,5,,2025-09-10,Rafael Navas,94.77,Intel Corei5-10400,16 Gb,Windows 11 Pro
CASE_CODE_JAVA_025,Java,identical,100,100,Claude Opus 4.1,Anthropic,21.0,100,100,1,1,0,0,0,100.0,100.0,,5,5,5,1,1,1,1,5,5,,2025-09-11,Rafael Navas,95.09,Intel Corei5-10400,16 Gb,Windows 11 Pro
CASE_CODE_JAVA_025,Java,identical,100,100,GPT-5,OpenAI,24.0,100,100,1,1,0,0,0,100.0,100.0,,5,5,5,1,1,1,1,5,5,,2025-09-11,Rafael Navas,95.09,Intel Corei5-10400,16 Gb,Windows 11 Pro
CASE_CODE_JAVA_025,Java,identical,100,100,Gemini 2.5 Pro,Google,23.0,100,100,1,1,0,0,0,100.0,100.0,,5,5,5,1,1,1,1,3,5,Justificaciones pobres,2025-09-11,Rafael Navas,95.09,Intel Corei5-10400,16 Gb,Windows 11 Pro
CASE_CODE_JAVA_025,Java,identical,100,100,DeepSeek-V3,DeepSeek,22.0,100,100,1,1,0,0,0,100.0,100.0,,5,5,5,1,1,1,1,4,5,Justificaciones pobres,2025-09-11,Rafael Navas,95.09,Intel Corei5-10400,16 Gb,Windows 11 Pro
CASE_CODE_JAVA_026,Java,functional,70,90,Claude Opus 4.1,Anthropic,17.0,63,90-70,0,1,0,0,0,100.0,100.0,,5,5,5,1,1,1,1,5,5,,2025-09-11,Rafael Navas,95.09,Intel Corei5-10400,16 Gb,Windows 11 Pro
CASE_CODE_JAVA_026,Java,functional,70,90,GPT-5,OpenAI,22.0,73,90-70,1,1,0,0,0,100.0,100.0,,5,5,5,1,1,1,1,5,5,,2025-09-11,Rafael Navas,95.09,Intel Corei5-10400,16 Gb,Windows 11 Pro
CASE_CODE_JAVA_026,Java,functional,70,90,Gemini 2.5 Pro,Google,32.0,62,90-70,0,1,0,0,0,100.0,100.0,,5,5,5,1,1,1,1,5,5,,2025-09-11,Rafael Navas,95.09,Intel Corei5-10400,16 Gb,Windows 11 Pro
CASE_CODE_JAVA_026,Java,functional,70,90,DeepSeek-V3,DeepSeek,21.0,75,90-70,1,1,0,0,0,100.0,100.0,,5,5,5,1,1,1,1,4,5,Justificaciones poco especificas,2025-09-11,Rafael Navas,95.09,Intel Corei5-10400,16 Gb,Windows 11 Pro
CASE_CODE_JAVA_027,Java,structural,40,60,Claude Opus 4.1,Anthropic,19.0,60,60-40,1,1,0,0,0,100.0,100.0,,5,5,5,1,1,1,1,5,5,,2025-09-11,Rafael Navas,95.09,Intel Corei5-10400,16 Gb,Windows 11 Pro
CASE_CODE_JAVA_027,Java,structural,40,60,GPT-5,OpenAI,23.0,78,60-40,0,1,0,0,0,100.0,100.0,,5,5,5,1,1,1,1,5,5,,2025-09-11,Rafael Navas,95.09,Intel Corei5-10400,16 Gb,Windows 11 Pro
CASE_CODE_JAVA_027,Java,structural,40,60,Gemini 2.5 Pro,Google,21.0,71,60-40,0,1,0,0,0,100.0,100.0,,5,5,5,1,1,1,1,5,5,,2025-09-11,Rafael Navas,95.09,Intel Corei5-10400,16 Gb,Windows 11 Pro
CASE_CODE_JAVA_027,Java,structural,40,60,DeepSeek-V3,DeepSeek,20.0,60,60-40,1,1,0,0,0,100.0,100.0,,5,5,5,1,1,1,1,4,5,Justificaciones poco especificas,2025-09-11,Rafael Navas,95.09,Intel Corei5-10400,16 Gb,Windows 11 Pro
CASE_CODE_JAVA_028,Java,different,0,20,Claude Opus 4.1,Anthropic,16.0,18,30-0,1,1,0,0,0,100.0,100.0,,5,5,5,1,1,1,1,5,5,,2025-09-11,Rafael Navas,95.09,Intel Corei5-10400,16 Gb,Windows 11 Pro
CASE_CODE_JAVA_028,Java,different,0,20,GPT-5,OpenAI,21.0,29,30-0,1,1,0,0,0,100.0,100.0,,5,5,5,1,1,1,1,5,5,,2025-09-11,Rafael Navas,95.09,Intel Corei5-10400,16 Gb,Windows 11 Pro
CASE_CODE_JAVA_028,Java,different,0,20,Gemini 2.5 Pro,Google,28.0,9,30-0,1,1,0,0,0,100.0,100.0,,5,5,5,1,1,1,1,5,5,,2025-09-11,Rafael Navas,95.09,Intel Corei5-10400,16 Gb,Windows 11 Pro
CASE_CODE_JAVA_028,Java,different,0,20,DeepSeek-V3,DeepSeek,20.0,10,30-0,1,1,0,0,0,100.0,100.0,,5,5,5,1,1,1,1,4,5,Justificaciones poco especificas,2025-09-11,Rafael Navas,95.09,Intel Corei5-10400,16 Gb,Windows 11 Pro
CASE_CODE_JAVA_029,Java,identical,100,100,Claude Opus 4.1,Anthropic,17.0,100,100,1,1,0,0,0,100.0,100.0,,5,5,5,1,1,1,1,5,5,,2025-09-11,Rafael Navas,95.09,Intel Corei5-10400,16 Gb,Windows 11 Pro
CASE_CODE_JAVA_029,Java,identical,100,100,GPT-5,OpenAI,13.0,100,100,1,1,0,0,0,100.0,100.0,,5,5,5,1,1,1,1,5,5,,2025-09-11,Rafael Navas,95.09,Intel Corei5-10400,16 Gb,Windows 11 Pro
CASE_CODE_JAVA_029,Java,identical,100,100,Gemini 2.5 Pro,Google,20.0,100,100,1,1,0,0,0,100.0,100.0,,5,5,5,1,1,1,1,3,5,Justificaciones pobres,2025-09-11,Rafael Navas,95.09,Intel Corei5-10400,16 Gb,Windows 11 Pro
CASE_CODE_JAVA_029,Java,identical,100,100,DeepSeek-V3,DeepSeek,20.0,100,100,1,1,0,0,0,100.0,100.0,,5,5,5,1,1,1,1,4,5,Justificaciones poco específicas,2025-09-11,Rafael Navas,95.09,Intel Corei5-10400,16 Gb,Windows 11 Pro
CASE_CODE_JAVA_030,Java,functional,70,90,Claude Opus 4.1,Anthropic,14.0,68,90-70,0,1,0,0,0,100.0,100.0,,5,5,5,1,1,1,1,5,5,,2025-09-11,Rafael Navas,95.09,Intel Corei5-10400,16 Gb,Windows 11 Pro
CASE_CODE_JAVA_030,Java,functional,70,90,GPT-5,OpenAI,18.0,75,90-70,1,1,0,0,0,100.0,100.0,,5,5,5,1,1,1,1,5,5,,2025-09-11,Rafael Navas,95.09,Intel Corei5-10400,16 Gb,Windows 11 Pro
CASE_CODE_JAVA_030,Java,functional,70,90,Gemini 2.5 Pro,Google,24.0,63,90-70,0,1,0,0,0,100.0,100.0,,5,5,5,1,1,1,1,5,5,,2025-09-11,Rafael Navas,95.09,Intel Corei5-10400,16 Gb,Windows 11 Pro
CASE_CODE_JAVA_030,Java,functional,70,90,DeepSeek-V3,DeepSeek,19.0,70,90-70,1,1,0,0,0,100.0,100.0,,5,5,5,1,1,1,1,4,5,Justificaciones pobres,2025-09-11,Rafael Navas,95.09,Intel Corei5-10400,16 Gb,Windows 11 Pro
CASE_CODE_JAVA_031,Java,structural,40,60,Claude Opus 4.1,Anthropic,15.0,58,60-40,1,1,0,0,0,100.0,100.0,,5,5,5,1,1,1,1,5,5,,2025-09-11,Rafael Navas,95.09,Intel Corei5-10400,16 Gb,Windows 11 Pro
CASE_CODE_JAVA_031,Java,structural,40,60,GPT-5,OpenAI,18.0,89,60-40,0,1,0,0,0,100.0,100.0,,5,5,5,1,1,1,1,5,5,,2025-09-11,Rafael Navas,95.09,Intel Corei5-10400,16 Gb,Windows 11 Pro
CASE_CODE_JAVA_031,Java,structural,40,60,Gemini 2.5 Pro,Google,26.0,75,60-40,0,1,0,0,0,100.0,100.0,,5,5,5,1,1,1,1,5,5,,2025-09-11,Rafael Navas,95.09,Intel Corei5-10400,16 Gb,Windows 11 Pro
CASE_CODE_JAVA_031,Java,structural,40,60,DeepSeek-V3,DeepSeek,21.0,65,60-40,0,1,0,0,0,100.0,100.0,,5,5,5,1,1,1,1,4,5,Justificaciones poco especificas,2025-09-11,Rafael Navas,95.09,Intel Corei5-10400,16 Gb,Windows 11 Pro
CASE_CODE_JAVA_032,Java,different,0,20,Claude Opus 4.1,Anthropic,15.0,8,30-0,1,1,0,0,0,100.0,100.0,,5,5,5,1,1,1,1,5,5,,2025-09-11,Rafael Navas,95.09,Intel Corei5-10400,16 Gb,Windows 11 Pro
CASE_CODE_JAVA_032,Java,different,0,20,GPT-5,OpenAI,17.0,17,30-0,1,1,0,0,0,100.0,100.0,,5,5,5,1,1,1,1,5,5,,2025-09-11,Rafael Navas,95.09,Intel Corei5-10400,16 Gb,Windows 11 Pro
CASE_CODE_JAVA_032,Java,different,0,20,Gemini 2.5 Pro,Google,24.0,3,30-0,1,1,0,0,0,100.0,100.0,,5,5,5,1,1,1,1,5,5,,2025-09-11,Rafael Navas,95.09,Intel Corei5-10400,16 Gb,Windows 11 Pro
CASE_CODE_JAVA_032,Java,different,0,20,DeepSeek-V3,DeepSeek,22.0,8,30-0,1,1,0,0,0,100.0,100.0,,5,5,5,1,1,1,1,4,5,Justificaciones poco especificas,2025-09-11,Rafael Navas,95.09,Intel Corei5-10400,16 Gb,Windows 11 Pro
CASE_CODE_JAVA_033,Java,identical,100,100,Claude Opus 4.1,Anthropic,19.0,100,100,1,1,0,0,0,100.0,100.0,,5,5,5,1,1,1,1,5,5,,2025-09-12,Rafael Navas,95.07,Intel Corei5-10400,16 Gb,Windows 11 Pro
CASE_CODE_JAVA_033,Java,identical,100,100,GPT-5,OpenAI,17.0,100,100,1,1,0,0,0,100.0,100.0,,5,5,5,1,1,1,1,5,5,,2025-09-12,Rafael Navas,95.07,Intel Corei5-10400,16 Gb,Windows 11 Pro
CASE_CODE_JAVA_033,Java,identical,100,100,Gemini 2.5 Pro,Google,30.0,100,100,1,1,0,0,0,100.0,100.0,,5,5,5,1,1,1,1,3,5,"Justificaciones pobres, poco especificas",2025-09-12,Rafael Navas,95.07,Intel Corei5-10400,16 Gb,Windows 11 Pro
CASE_CODE_JAVA_033,Java,identical,100,100,DeepSeek-V3,DeepSeek,20.0,100,100,1,1,0,0,0,100.0,100.0,,5,5,5,1,1,1,1,3,5,"Justificaciones pobres, poco especificas",2025-09-12,Rafael Navas,95.07,Intel Corei5-10400,16 Gb,Windows 11 Pro
CASE_CODE_JAVA_034,Java,functional,70,90,Claude Opus 4.1,Anthropic,18.0,74,90-70,1,1,0,0,0,100.0,100.0,,5,5,5,1,1,1,1,5,5,,2025-09-12,Rafael Navas,95.07,Intel Corei5-10400,16 Gb,Windows 11 Pro
CASE_CODE_JAVA_034,Java,functional,70,90,GPT-5,OpenAI,27.0,75,90-70,1,1,0,0,0,100.0,100.0,,5,5,5,1,1,1,1,5,5,,2025-09-12,Rafael Navas,95.07,Intel Corei5-10400,16 Gb,Windows 11 Pro
CASE_CODE_JAVA_034,Java,functional,70,90,Gemini 2.5 Pro,Google,34.0,66,90-70,0,1,0,0,0,100.0,100.0,,5,5,5,1,1,1,1,4,5,Justificaciones poco especificas,2025-09-12,Rafael Navas,95.07,Intel Corei5-10400,16 Gb,Windows 11 Pro
CASE_CODE_JAVA_034,Java,functional,70,90,DeepSeek-V3,DeepSeek,23.0,70,90-70,1,1,0,0,0,100.0,100.0,,5,5,5,1,1,1,1,4,5,Justificaciones poco especificas,2025-09-12,Rafael Navas,95.07,Intel Corei5-10400,16 Gb,Windows 11 Pro
CASE_CODE_JAVA_035,Java,structural,40,60,Claude Opus 4.1,Anthropic,16.0,68,60-40,0,1,0,0,0,100.0,100.0,,5,5,5,1,1,1,1,5,5,Porcentaje de similitud por encima del esperado,2025-09-12,Rafael Navas,95.07,Intel Corei5-10400,16 Gb,Windows 11 Pro
CASE_CODE_JAVA_035,Java,structural,40,60,GPT-5,OpenAI,21.0,93,60-40,0,1,0,0,0,100.0,100.0,,5,5,5,1,1,1,1,5,5,Porcentaje de similitud por encima del esperado,2025-09-12,Rafael Navas,95.07,Intel Corei5-10400,16 Gb,Windows 11 Pro
CASE_CODE_JAVA_035,Java,structural,40,60,Gemini 2.5 Pro,Google,29.0,90,60-40,0,1,0,0,0,100.0,100.0,,5,5,5,1,1,1,1,5,5,Porcentaje de similitud por encima del esperado,2025-09-12,Rafael Navas,95.07,Intel Corei5-10400,16 Gb,Windows 11 Pro
CASE_CODE_JAVA_035,Java,structural,40,60,DeepSeek-V3,DeepSeek,25.0,82,60-40,0,1,0,0,0,100.0,100.0,,5,5,5,1,1,1,1,4,5,"Porcentaje de similitud por encima del esperado, Justificaciones poco especificas",2025-09-12,Rafael Navas,95.07,Intel Corei5-10400,16 Gb,Windows 11 Pro
CASE_CODE_JAVA_036,Java,different,0,20,Claude Opus 4.1,Anthropic,16.0,5,30-0,1,1,0,0,0,100.0,100.0,,5,5,5,1,1,1,1,5,5,,2025-09-12,Rafael Navas,95.07,Intel Corei5-10400,16 Gb,Windows 11 Pro
CASE_CODE_JAVA_036,Java,different,0,20,GPT-5,OpenAI,30.0,19,30-0,1,1,0,0,0,100.0,100.0,,5,5,5,1,1,1,1,5,5,,2025-09-12,Rafael Navas,95.07,Intel Corei5-10400,16 Gb,Windows 11 Pro
CASE_CODE_JAVA_036,Java,different,0,20,Gemini 2.5 Pro,Google,31.0,11,30-0,1,1,0,0,0,100.0,100.0,,5,5,5,1,1,1,1,5,5,,2025-09-12,Rafael Navas,95.07,Intel Corei5-10400,16 Gb,Windows 11 Pro
CASE_CODE_JAVA_036,Java,different,0,20,DeepSeek-V3,DeepSeek,20.0,12,30-0,1,1,0,0,0,100.0,100.0,,5,5,5,1,1,1,1,4,5,Justificaciones poco especificas,2025-09-12,Rafael Navas,95.07,Intel Corei5-10400,16 Gb,Windows 11 Pro
CASE_CODE_JAVA_037,Java,identical,100,100,Claude Opus 4.1,Anthropic,17.0,100,100,1,1,0,0,0,100.0,100.0,,5,5,5,1,1,1,1,5,5,,2025-09-12,Rafael Navas,95.07,Intel Corei5-10400,16 Gb,Windows 11 Pro
CASE_CODE_JAVA_037,Java,identical,100,100,GPT-5,OpenAI,12.0,100,100,1,1,0,0,0,100.0,100.0,,5,5,5,1,1,1,1,5,5,,2025-09-12,Rafael Navas,95.07,Intel Corei5-10400,16 Gb,Windows 11 Pro
CASE_CODE_JAVA_037,Java,identical,100,100,Gemini 2.5 Pro,Google,21.0,100,100,1,1,0,0,0,100.0,100.0,,5,5,5,1,1,1,1,4,5,Justificaciones poco especificas,2025-09-12,Rafael Navas,95.07,Intel Corei5-10400,16 Gb,Windows 11 Pro
CASE_CODE_JAVA_037,Java,identical,100,100,DeepSeek-V3,DeepSeek,19.0,100,100,1,1,0,0,0,100.0,100.0,,5,5,5,1,1,1,1,3,5,"Justificaciones poco específicas, Justificaciones pobres",2025-09-12,Rafael Navas,95.07,Intel Corei5-10400,16 Gb,Windows 11 Pro
CASE_CODE_JAVA_038,Java,functional,70,90,Claude Opus 4.1,Anthropic,19.0,70,90-70,1,1,0,0,0,100.0,100.0,,5,5,5,1,1,1,1,5,5,,2025-09-12,Rafael Navas,95.07,Intel Corei5-10400,16 Gb,Windows 11 Pro
CASE_CODE_JAVA_038,Java,functional,70,90,GPT-5,OpenAI,23.0,82,90-70,1,1,0,0,0,100.0,100.0,,5,5,5,1,1,1,1,5,5,,2025-09-12,Rafael Navas,95.07,Intel Corei5-10400,16 Gb,Windows 11 Pro
CASE_CODE_JAVA_038,Java,functional,70,90,Gemini 2.5 Pro,Google,32.0,71,90-70,1,1,0,0,0,100.0,100.0,,5,5,5,1,1,1,1,4,5,Justificaciones poco especificas,2025-09-12,Rafael Navas,95.07,Intel Corei5-10400,16 Gb,Windows 11 Pro
CASE_CODE_JAVA_038,Java,functional,70,90,DeepSeek-V3,DeepSeek,22.0,79,90-70,1,1,0,0,0,100.0,100.0,,5,5,5,1,1,1,1,4,5,Justificaciones poco especificas,2025-09-12,Rafael Navas,95.07,Intel Corei5-10400,16 Gb,Windows 11 Pro
CASE_CODE_JAVA_039,Java,structural,40,60,Claude Opus 4.1,Anthropic,17.0,84,60-40,0,1,0,0,0,100.0,100.0,,5,5,5,1,1,1,1,5,5,Porcentaje de similitud por encima del esperado,2025-09-12,Rafael Navas,95.07,Intel Corei5-10400,16 Gb,Windows 11 Pro
CASE_CODE_JAVA_039,Java,structural,40,60,GPT-5,OpenAI,29.0,90,60-40,0,1,0,0,0,100.0,100.0,,5,5,5,1,1,1,1,5,5,Porcentaje de similitud por encima del esperado,2025-09-12,Rafael Navas,95.07,Intel Corei5-10400,16 Gb,Windows 11 Pro
CASE_CODE_JAVA_039,Java,structural,40,60,Gemini 2.5 Pro,Google,29.0,93,60-40,0,1,0,0,0,100.0,100.0,,5,5,5,1,1,1,1,4,5,"Porcentaje de similitud por encima del esperado, Justificaciones poco especificas",2025-09-12,Rafael Navas,95.07,Intel Corei5-10400,16 Gb,Windows 11 Pro
CASE_CODE_JAVA_039,Java,structural,40,60,DeepSeek-V3,DeepSeek,21.0,76,60-40,0,1,0,0,0,100.0,100.0,,5,5,5,1,1,1,1,4,5,"Porcentaje de similitud por encima del esperado, Justificaciones poco especificas",2025-09-12,Rafael Navas,95.07,Intel Corei5-10400,16 Gb,Windows 11 Pro
CASE_CODE_JAVA_040,Java,different,0,20,Claude Opus 4.1,Anthropic,16.0,10,30-0,1,1,0,0,0,100.0,100.0,,5,5,5,1,1,1,1,5,5,,2025-09-12,Rafael Navas,95.07,Intel Corei5-10400,16 Gb,Windows 11 Pro
CASE_CODE_JAVA_040,Java,different,0,20,GPT-5,OpenAI,22.0,23,30-0,1,1,0,0,0,100.0,100.0,,5,5,5,1,1,1,1,5,5,,2025-09-12,Rafael Navas,95.07,Intel Corei5-10400,16 Gb,Windows 11 Pro
CASE_CODE_JAVA_040,Java,different,0,20,Gemini 2.5 Pro,Google,23.0,8,30-0,1,1,0,0,0,100.0,100.0,,5,5,5,1,1,1,1,4,5,Justificaciones poco especificas,2025-09-12,Rafael Navas,95.07,Intel Corei5-10400,16 Gb,Windows 11 Pro
CASE_CODE_JAVA_040,Java,different,0,20,DeepSeek-V3,DeepSeek,19.0,5,30-0,1,1,0,0,0,100.0,100.0,,5,5,5,1,1,1,1,3,5,"Justificaciones poco específicas, Justificaciones pobres",2025-09-12,Rafael Navas,95.07,Intel Corei5-10400,16 Gb,Windows 11 Pro
CASE_CODE_JAVA_041,Java,identical,100,100,Claude Opus 4.1,Anthropic,15.0,100,100,1,1,0,0,0,100.0,100.0,,5,5,5,1,1,1,1,5,5,,2025-09-13,Rafael Navas,95.07,Intel Corei5-10400,16 Gb,Windows 11 Pro
CASE_CODE_JAVA_041,Java,identical,100,100,GPT-5,OpenAI,14.0,100,100,1,1,0,0,0,100.0,100.0,,5,5,5,1,1,1,1,5,5,,2025-09-13,Rafael Navas,95.07,Intel Corei5-10400,16 Gb,Windows 11 Pro
CASE_CODE_JAVA_041,Java,identical,100,100,Gemini 2.5 Pro,Google,24.0,100,100,1,1,0,0,0,100.0,100.0,,5,5,5,1,1,1,1,5,5,,2025-09-13,Rafael Navas,95.07,Intel Corei5-10400,16 Gb,Windows 11 Pro
CASE_CODE_JAVA_041,Java,identical,100,100,DeepSeek-V3,DeepSeek,16.0,100,100,1,1,0,0,0,100.0,100.0,,5,5,5,1,1,1,1,4,5,Justificaciones poco especificas,2025-09-13,Rafael Navas,95.07,Intel Corei5-10400,16 Gb,Windows 11 Pro
CASE_CODE_JAVA_042,Java,functional,70,90,Claude Opus 4.1,Anthropic,16.0,68,90-70,0,1,0,0,0,100.0,100.0,,5,5,5,1,1,1,1,5,5,,2025-09-13,Rafael Navas,95.07,Intel Corei5-10400,16 Gb,Windows 11 Pro
CASE_CODE_JAVA_042,Java,functional,70,90,GPT-5,OpenAI,29.0,79,90-70,1,1,0,0,0,100.0,100.0,,5,5,5,1,1,1,1,5,5,,2025-09-13,Rafael Navas,95.07,Intel Corei5-10400,16 Gb,Windows 11 Pro
CASE_CODE_JAVA_042,Java,functional,70,90,Gemini 2.5 Pro,Google,31.0,78,90-70,1,1,0,0,0,100.0,100.0,,5,5,5,1,1,1,1,5,5,,2025-09-13,Rafael Navas,95.07,Intel Corei5-10400,16 Gb,Windows 11 Pro
CASE_CODE_JAVA_042,Java,functional,70,90,DeepSeek-V3,DeepSeek,25.0,80,90-70,1,1,0,0,0,100.0,100.0,,5,5,5,1,1,1,1,4,5,Justificaciones poco especificas,2025-09-13,Rafael Navas,95.07,Intel Corei5-10400,16 Gb,Windows 11 Pro
CASE_CODE_JAVA_043,Java,structural,40,60,Claude Opus 4.1,Anthropic,21.0,68,60-40,1,1,0,0,0,100.0,100.0,,5,5,5,1,1,1,1,5,5,Porcentaje de similitud por encima del esperado,2025-09-13,Rafael Navas,95.07,Intel Corei5-10400,16 Gb,Windows 11 Pro
CASE_CODE_JAVA_043,Java,structural,40,60,GPT-5,OpenAI,28.0,90,60-40,1,1,0,0,0,100.0,100.0,,5,5,5,1,1,1,1,5,5,Porcentaje de similitud por encima del esperado,2025-09-13,Rafael Navas,95.07,Intel Corei5-10400,16 Gb,Windows 11 Pro
CASE_CODE_JAVA_043,Java,structural,40,60,Gemini 2.5 Pro,Google,26.0,96,60-40,1,1,0,0,0,100.0,100.0,,5,5,5,1,1,1,1,5,5,Porcentaje de similitud por encima del esperado,2025-09-13,Rafael Navas,95.07,Intel Corei5-10400,16 Gb,Windows 11 Pro
CASE_CODE_JAVA_043,Java,structural,40,60,DeepSeek-V3,DeepSeek,24.0,75,60-40,1,1,0,0,0,100.0,100.0,,5,5,5,1,1,1,1,4,5,"Porcentaje de similitud por encima del esperado, Justificaciones poco especificas",2025-09-13,Rafael Navas,95.07,Intel Corei5-10400,16 Gb,Windows 11 Pro
CASE_CODE_JAVA_044,Java,different,0,20,Claude Opus 4.1,Anthropic,15.0,17,30-0,1,1,0,0,0,100.0,100.0,,5,5,5,1,1,1,1,5,5,,2025-09-13,Rafael Navas,95.07,Intel Corei5-10400,16 Gb,Windows 11 Pro
CASE_CODE_JAVA_044,Java,different,0,20,GPT-5,OpenAI,43.0,25,30-0,1,1,0,0,0,100.0,100.0,,5,5,5,1,1,1,1,5,5,,2025-09-13,Rafael Navas,95.07,Intel Corei5-10400,16 Gb,Windows 11 Pro
CASE_CODE_JAVA_044,Java,different,0,20,Gemini 2.5 Pro,Google,25.0,16,30-0,1,1,0,0,0,100.0,100.0,,5,5,5,1,1,1,1,5,5,,2025-09-13,Rafael Navas,95.07,Intel Corei5-10400,16 Gb,Windows 11 Pro
CASE_CODE_JAVA_044,Java,different,0,20,DeepSeek-V3,DeepSeek,23.0,8,30-0,1,1,0,0,0,100.0,100.0,,5,5,5,1,1,1,1,5,5,,2025-09-13,Rafael Navas,95.07,Intel Corei5-10400,16 Gb,Windows 11 Pro
CASE_CODE_JAVA_045,Java,identical,100,100,Claude Opus 4.1,Anthropic,14.0,100,100,1,1,0,0,0,100.0,100.0,,5,5,5,1,1,1,1,5,5,,2025-09-13,Rafael Navas,95.07,Intel Corei5-10400,16 Gb,Windows 11 Pro
CASE_CODE_JAVA_045,Java,identical,100,100,GPT-5,OpenAI,13.0,100,100,1,1,0,0,0,100.0,100.0,,5,5,5,1,1,1,1,5,5,,2025-09-13,Rafael Navas,95.07,Intel Corei5-10400,16 Gb,Windows 11 Pro
CASE_CODE_JAVA_045,Java,identical,100,100,Gemini 2.5 Pro,Google,18.0,100,100,1,1,0,0,0,100.0,100.0,,5,5,5,1,1,1,1,5,5,,2025-09-13,Rafael Navas,95.07,Intel Corei5-10400,16 Gb,Windows 11 Pro
CASE_CODE_JAVA_045,Java,identical,100,100,DeepSeek-V3,DeepSeek,22.0,100,100,1,1,0,0,0,100.0,100.0,,5,5,5,1,1,1,1,5,5,,2025-09-13,Rafael Navas,95.07,Intel Corei5-10400,16 Gb,Windows 11 Pro
CASE_CODE_JAVA_046,Java,functional,70,90,Claude Opus 4.1,Anthropic,18.0,61,90-70,0,1,0,0,0,100.0,100.0,,5,5,5,1,1,1,1,5,5,Porcentaje de similitud por debajo del esperado,2025-09-13,Rafael Navas,95.07,Intel Corei5-10400,16 Gb,Windows 11 Pro
CASE_CODE_JAVA_046,Java,functional,70,90,GPT-5,OpenAI,28.0,79,90-70,1,1,0,0,0,100.0,100.0,,5,5,5,1,1,1,1,5,5,,2025-09-13,Rafael Navas,95.07,Intel Corei5-10400,16 Gb,Windows 11 Pro
CASE_CODE_JAVA_046,Java,functional,70,90,Gemini 2.5 Pro,Google,27.0,71,90-70,1,1,0,0,0,100.0,100.0,,5,5,5,1,1,1,1,5,5,,2025-09-13,Rafael Navas,95.07,Intel Corei5-10400,16 Gb,Windows 11 Pro
CASE_CODE_JAVA_046,Java,functional,70,90,DeepSeek-V3,DeepSeek,22.0,80,90-70,1,1,0,0,0,100.0,100.0,,5,5,5,1,1,1,1,4,5,Justificaciones poco especificas,2025-09-13,Rafael Navas,95.07,Intel Corei5-10400,16 Gb,Windows 11 Pro
CASE_CODE_JAVA_047,Java,structural,40,60,Claude Opus 4.1,Anthropic,15.0,51,60-40,1,1,0,0,0,100.0,100.0,,5,5,5,1,1,1,1,4,5,Justificaciones poco especificas,2025-09-13,Rafael Navas,95.07,Intel Corei5-10400,16 Gb,Windows 11 Pro
CASE_CODE_JAVA_047,Java,structural,40,60,GPT-5,OpenAI,36.0,51,60-40,1,1,0,0,0,100.0,100.0,,5,5,5,1,1,1,1,5,5,,2025-09-13,Rafael Navas,95.07,Intel Corei5-10400,16 Gb,Windows 11 Pro
CASE_CODE_JAVA_047,Java,structural,40,60,Gemini 2.5 Pro,Google,25.0,53,60-40,1,1,0,0,0,100.0,100.0,,5,5,5,1,1,1,1,4,5,Justificaciones poco especificas,2025-09-13,Rafael Navas,95.07,Intel Corei5-10400,16 Gb,Windows 11 Pro
CASE_CODE_JAVA_047,Java,structural,40,60,DeepSeek-V3,DeepSeek,23.0,48,60-40,1,1,0,0,0,100.0,100.0,,5,5,5,1,1,1,1,4,5,Justificaciones poco especificas,2025-09-13,Rafael Navas,95.07,Intel Corei5-10400,16 Gb,Windows 11 Pro
CASE_CODE_JAVA_048,Java,different,0,20,Claude Opus 4.1,Anthropic,16.0,10,30-0,1,1,0,0,0,100.0,100.0,,5,5,5,1,1,1,1,5,5,,2025-09-13,Rafael Navas,95.07,Intel Corei5-10400,16 Gb,Windows 11 Pro
CASE_CODE_JAVA_048,Java,different,0,20,GPT-5,OpenAI,31.0,23,30-0,1,1,0,0,0,100.0,100.0,,5,5,5,1,1,1,1,5,5,,2025-09-13,Rafael Navas,95.07,Intel Corei5-10400,16 Gb,Windows 11 Pro
CASE_CODE_JAVA_048,Java,different,0,20,Gemini 2.5 Pro,Google,29.0,14,30-0,1,1,0,0,0,100.0,100.0,,5,5,5,1,1,1,1,4,5,Justificaciones poco especificas,2025-09-13,Rafael Navas,95.07,Intel Corei5-10400,16 Gb,Windows 11 Pro
CASE_CODE_JAVA_048,Java,different,0,20,DeepSeek-V3,DeepSeek,19.0,5,30-0,1,1,0,0,0,100.0,100.0,,5,5,5,1,1,1,1,4,5,Justificaciones poco especificas,2025-09-13,Rafael Navas,95.07,Intel Corei5-10400,16 Gb,Windows 11 Pro
CASE_CODE_JAVA_049,Java,identical,100,100,Claude Opus 4.1,Anthropic,16.0,100,100,1,1,0,0,0,100.0,100.0,,5,5,5,1,1,1,1,5,5,,2025-09-14,Rafael Navas,94.69,Intel Corei5-10400,16 Gb,Windows 11 Pro
CASE_CODE_JAVA_049,Java,identical,100,100,GPT-5,OpenAI,39.0,100,100,1,1,0,0,0,100.0,100.0,,5,5,5,1,1,1,1,5,5,,2025-09-14,Rafael Navas,94.69,Intel Corei5-10400,16 Gb,Windows 11 Pro
CASE_CODE_JAVA_049,Java,identical,100,100,Gemini 2.5 Pro,Google,17.0,100,100,1,1,0,0,0,100.0,100.0,,5,5,5,1,1,1,1,5,5,,2025-09-14,Rafael Navas,94.69,Intel Corei5-10400,16 Gb,Windows 11 Pro
CASE_CODE_JAVA_049,Java,identical,100,100,DeepSeek-V3,DeepSeek,14.0,100,100,1,1,0,0,0,100.0,100.0,,5,5,5,1,1,1,1,3,5,"Justificaciones pobres, justificaciones poco especificas",2025-09-14,Rafael Navas,94.69,Intel Corei5-10400,16 Gb,Windows 11 Pro
CASE_CODE_JAVA_050,Java,functional,70,90,Claude Opus 4.1,Anthropic,15.0,68,90-70,0,1,0,0,0,100.0,100.0,,5,5,5,1,1,1,1,5,5,,2025-09-14,Rafael Navas,94.69,Intel Corei5-10400,16 Gb,Windows 11 Pro
CASE_CODE_JAVA_050,Java,functional,70,90,GPT-5,OpenAI,46.0,77,90-70,1,1,0,0,0,100.0,100.0,,5,5,5,1,1,1,1,5,5,,2025-09-14,Rafael Navas,94.69,Intel Corei5-10400,16 Gb,Windows 11 Pro
CASE_CODE_JAVA_050,Java,functional,70,90,Gemini 2.5 Pro,Google,3.0,69,90-70,0,1,0,0,0,100.0,100.0,,5,5,5,1,1,1,1,5,5,,2025-09-14,Rafael Navas,94.69,Intel Corei5-10400,16 Gb,Windows 11 Pro
CASE_CODE_JAVA_050,Java,functional,70,90,DeepSeek-V3,DeepSeek,21.0,78,90-70,1,1,0,0,0,100.0,100.0,,5,5,5,1,1,1,1,4,5,Justificaciones poco especificas,2025-09-14,Rafael Navas,94.69,Intel Corei5-10400,16 Gb,Windows 11 Pro
CASE_CODE_JAVA_051,Java,structural,40,60,Claude Opus 4.1,Anthropic,18.0,87,60-40,0,1,0,0,0,100.0,100.0,,5,5,5,1,1,1,1,5,5,,2025-09-14,Rafael Navas,94.69,Intel Corei5-10400,16 Gb,Windows 11 Pro
CASE_CODE_JAVA_051,Java,structural,40,60,GPT-5,OpenAI,43.0,85,60-40,0,1,0,0,0,100.0,100.0,,5,5,5,1,1,1,1,5,5,,2025-09-14,Rafael Navas,94.69,Intel Corei5-10400,16 Gb,Windows 11 Pro
CASE_CODE_JAVA_051,Java,structural,40,60,Gemini 2.5 Pro,Google,26.0,82,60-40,0,1,0,0,0,100.0,100.0,,5,5,5,1,1,1,1,5,5,,2025-09-14,Rafael Navas,94.69,Intel Corei5-10400,16 Gb,Windows 11 Pro
CASE_CODE_JAVA_051,Java,structural,40,60,DeepSeek-V3,DeepSeek,21.0,78,60-40,0,1,0,0,0,100.0,100.0,,5,5,5,1,1,1,1,4,5,Justificaciones un poco pobres,2025-09-14,Rafael Navas,94.69,Intel Corei5-10400,16 Gb,Windows 11 Pro
CASE_CODE_JAVA_052,Java,different,0,20,Claude Opus 4.1,Anthropic,18.0,8,30-0,1,1,0,0,0,100.0,100.0,,5,5,5,1,1,1,1,5,5,,2025-09-14,Rafael Navas,94.69,Intel Corei5-10400,16 Gb,Windows 11 Pro
CASE_CODE_JAVA_052,Java,different,0,20,GPT-5,OpenAI,29.0,16,30-0,1,1,0,0,0,100.0,100.0,,5,5,5,1,1,1,1,5,5,,2025-09-14,Rafael Navas,94.69,Intel Corei5-10400,16 Gb,Windows 11 Pro
CASE_CODE_JAVA_052,Java,different,0,20,Gemini 2.5 Pro,Google,28.0,7,30-0,1,1,0,0,0,100.0,100.0,,5,5,5,1,1,1,1,5,5,,2025-09-14,Rafael Navas,94.69,Intel Corei5-10400,16 Gb,Windows 11 Pro
CASE_CODE_JAVA_052,Java,different,0,20,DeepSeek-V3,DeepSeek,23.0,10,30-0,1,1,0,0,0,100.0,100.0,,5,5,5,1,1,1,1,5,5,,2025-09-14,Rafael Navas,94.69,Intel Corei5-10400,16 Gb,Windows 11 Pro
CASE_CODE_JAVA_053,Java,identical,100,100,Claude Opus 4.1,Anthropic,15.0,100,100,1,1,0,0,0,100.0,100.0,,5,5,5,1,1,1,1,5,5,,2025-09-14,Rafael Navas,94.69,Intel Corei5-10400,16 Gb,Windows 11 Pro
CASE_CODE_JAVA_053,Java,identical,100,100,GPT-5,OpenAI,32.0,100,100,1,1,0,0,0,100.0,100.0,,5,5,5,1,1,1,1,5,5,,2025-09-14,Rafael Navas,94.69,Intel Corei5-10400,16 Gb,Windows 11 Pro
CASE_CODE_JAVA_053,Java,identical,100,100,Gemini 2.5 Pro,Google,14.0,100,100,1,1,0,0,0,100.0,100.0,,5,5,5,1,1,1,1,4,5,Justificaciones poco especificas,2025-09-14,Rafael Navas,94.69,Intel Corei5-10400,16 Gb,Windows 11 Pro
CASE_CODE_JAVA_053,Java,identical,100,100,DeepSeek-V3,DeepSeek,20.0,100,100,1,1,0,0,0,100.0,100.0,,5,5,5,1,1,1,1,4,5,Justificaciones poco especificas,2025-09-14,Rafael Navas,94.69,Intel Corei5-10400,16 Gb,Windows 11 Pro
CASE_CODE_JAVA_054,Java,functional,70,90,Claude Opus 4.1,Anthropic,23.0,68,90-70,0,1,0,0,0,100.0,100.0,,5,5,5,1,1,1,1,5,5,,2025-09-14,Rafael Navas,94.69,Intel Corei5-10400,16 Gb,Windows 11 Pro
CASE_CODE_JAVA_054,Java,functional,70,90,GPT-5,OpenAI,45.0,76,90-70,1,1,0,0,0,100.0,100.0,,5,5,5,1,1,1,1,5,5,,2025-09-14,Rafael Navas,94.69,Intel Corei5-10400,16 Gb,Windows 11 Pro
CASE_CODE_JAVA_054,Java,functional,70,90,Gemini 2.5 Pro,Google,28.0,67,90-70,0,1,0,0,0,100.0,100.0,,5,5,5,1,1,1,1,5,5,,2025-09-14,Rafael Navas,94.69,Intel Corei5-10400,16 Gb,Windows 11 Pro
CASE_CODE_JAVA_054,Java,functional,70,90,DeepSeek-V3,DeepSeek,21.0,70,90-70,1,1,0,0,0,100.0,100.0,,5,5,5,1,1,1,1,4,5,Justificaciones pobres,2025-09-14,Rafael Navas,94.69,Intel Corei5-10400,16 Gb,Windows 11 Pro
CASE_CODE_JAVA_055,Java,structural,40,60,Claude Opus 4.1,Anthropic,19.0,42,60-40,1,1,0,0,0,100.0,100.0,,5,5,5,1,1,1,1,5,5,,2025-09-14,Rafael Navas,94.69,Intel Corei5-10400,16 Gb,Windows 11 Pro
CASE_CODE_JAVA_055,Java,structural,40,60,GPT-5,OpenAI,39.0,53,60-40,1,1,0,0,0,100.0,100.0,,5,5,5,1,1,1,1,5,5,,2025-09-14,Rafael Navas,94.69,Intel Corei5-10400,16 Gb,Windows 11 Pro
CASE_CODE_JAVA_055,Java,structural,40,60,Gemini 2.5 Pro,Google,25.0,54,60-40,1,1,0,0,0,100.0,100.0,,5,5,5,1,1,1,1,5,5,,2025-09-14,Rafael Navas,94.69,Intel Corei5-10400,16 Gb,Windows 11 Pro
CASE_CODE_JAVA_055,Java,structural,40,60,DeepSeek-V3,DeepSeek,24.0,40,60-40,1,1,0,0,0,100.0,100.0,,5,5,5,1,1,1,1,4,5,Justificaciones poco especificas,2025-09-14,Rafael Navas,94.69,Intel Corei5-10400,16 Gb,Windows 11 Pro
CASE_CODE_JAVA_056,Java,different,0,20,Claude Opus 4.1,Anthropic,17.0,8,30-0,1,1,0,0,0,100.0,100.0,,5,5,5,1,1,1,1,5,5,,2025-09-14,Rafael Navas,94.69,Intel Corei5-10400,16 Gb,Windows 11 Pro
CASE_CODE_JAVA_056,Java,different,0,20,GPT-5,OpenAI,35.0,15,30-0,1,1,0,0,0,100.0,100.0,,5,5,5,1,1,1,1,5,5,,2025-09-14,Rafael Navas,94.69,Intel Corei5-10400,16 Gb,Windows 11 Pro
CASE_CODE_JAVA_056,Java,different,0,20,Gemini 2.5 Pro,Google,28.0,6,30-0,1,1,0,0,0,100.0,100.0,,5,5,5,1,1,1,1,4,5,Justificaciones poco especificas,2025-09-14,Rafael Navas,94.69,Intel Corei5-10400,16 Gb,Windows 11 Pro
CASE_CODE_JAVA_056,Java,different,0,20,DeepSeek-V3,DeepSeek,21.0,10,30-0,1,1,0,0,0,100.0,100.0,,5,5,5,1,1,1,1,4,5,Justificaciones poco especificas,2025-09-14,Rafael Navas,94.69,Intel Corei5-10400,16 Gb,Windows 11 Pro
CASE_CODE_JAVA_057,Java,identical,100,100,Claude Opus 4.1,Anthropic,15.0,100,100,1,1,0,0,0,100.0,100.0,,5,5,5,1,1,1,1,5,5,,2025-09-14,Rafael Navas,94.69,Intel Corei5-10400,16 Gb,Windows 11 Pro
CASE_CODE_JAVA_057,Java,identical,100,100,GPT-5,OpenAI,27.0,100,100,1,1,0,0,0,100.0,100.0,,5,5,5,1,1,1,1,5,5,,2025-09-14,Rafael Navas,94.69,Intel Corei5-10400,16 Gb,Windows 11 Pro
CASE_CODE_JAVA_057,Java,identical,100,100,Gemini 2.5 Pro,Google,17.0,100,100,1,1,0,0,0,100.0,100.0,,5,5,5,1,1,1,1,4,5,Justificaciones poco especificas,2025-09-14,Rafael Navas,94.69,Intel Corei5-10400,16 Gb,Windows 11 Pro
CASE_CODE_JAVA_057,Java,identical,100,100,DeepSeek-V3,DeepSeek,19.0,100,100,1,1,0,0,0,100.0,100.0,,5,5,5,1,1,1,1,4,5,Justificaciones poco especificas,2025-09-14,Rafael Navas,94.69,Intel Corei5-10400,16 Gb,Windows 11 Pro
CASE_CODE_JAVA_058,Java,functional,70,90,Claude Opus 4.1,Anthropic,17.0,76,90-70,1,1,0,0,0,100.0,100.0,,5,5,5,1,1,1,1,5,5,,2025-09-14,Rafael Navas,94.69,Intel Corei5-10400,16 Gb,Windows 11 Pro
CASE_CODE_JAVA_058,Java,functional,70,90,GPT-5,OpenAI,45.0,74,90-70,1,1,0,0,0,100.0,100.0,,5,5,5,1,1,1,1,5,5,,2025-09-14,Rafael Navas,94.69,Intel Corei5-10400,16 Gb,Windows 11 Pro
CASE_CODE_JAVA_058,Java,functional,70,90,Gemini 2.5 Pro,Google,38.0,71,90-70,1,1,0,0,0,100.0,100.0,,5,5,5,1,1,1,1,5,5,,2025-09-14,Rafael Navas,94.69,Intel Corei5-10400,16 Gb,Windows 11 Pro
CASE_CODE_JAVA_058,Java,functional,70,90,DeepSeek-V3,DeepSeek,25.0,70,90-70,1,1,0,0,0,100.0,100.0,,5,5,5,1,1,1,1,5,5,,2025-09-14,Rafael Navas,94.69,Intel Corei5-10400,16 Gb,Windows 11 Pro
CASE_CODE_JAVA_059,Java,structural,40,60,Claude Opus 4.1,Anthropic,19.0,77,60-40,0,1,0,0,0,100.0,100.0,,5,5,5,1,1,1,1,5,5,Porcentaje de similitud por encima de lo esperado,2025-09-14,Rafael Navas,94.69,Intel Corei5-10400,16 Gb,Windows 11 Pro
CASE_CODE_JAVA_059,Java,structural,40,60,GPT-5,OpenAI,21.0,92,60-40,0,1,0,0,0,100.0,100.0,,5,5,5,1,1,1,1,5,5,Porcentaje de similitud por encima de lo esperado,2025-09-14,Rafael Navas,94.69,Intel Corei5-10400,16 Gb,Windows 11 Pro
CASE_CODE_JAVA_059,Java,structural,40,60,Gemini 2.5 Pro,Google,31.0,91,60-40,0,1,0,0,0,100.0,100.0,,5,5,5,1,1,1,1,5,5,Porcentaje de similitud por encima de lo esperado,2025-09-14,Rafael Navas,94.69,Intel Corei5-10400,16 Gb,Windows 11 Pro
CASE_CODE_JAVA_059,Java,structural,40,60,DeepSeek-V3,DeepSeek,24.0,80,60-40,0,1,0,0,0,100.0,100.0,,5,5,5,1,1,1,1,4,5,"Porcentaje de similitud por encima de lo esperado, Justificaciones poco especificas",2025-09-14,Rafael Navas,94.69,Intel Corei5-10400,16 Gb,Windows 11 Pro
CASE_CODE_JAVA_060,Java,different,0,20,Claude Opus 4.1,Anthropic,16.0,10,30-0,1,1,0,0,0,100.0,100.0,,5,5,5,1,1,1,1,5,5,,2025-09-14,Rafael Navas,94.69,Intel Corei5-10400,16 Gb,Windows 11 Pro
CASE_CODE_JAVA_060,Java,different,0,20,GPT-5,OpenAI,18.0,26,30-0,1,1,0,0,0,100.0,100.0,,5,5,5,1,1,1,1,5,5,,2025-09-14,Rafael Navas,94.69,Intel Corei5-10400,16 Gb,Windows 11 Pro
CASE_CODE_JAVA_060,Java,different,0,20,Gemini 2.5 Pro,Google,28.0,6,30-0,1,1,0,0,0,100.0,100.0,,5,5,5,1,1,1,1,5,5,,2025-09-14,Rafael Navas,94.69,Intel Corei5-10400,16 Gb,Windows 11 Pro
CASE_CODE_JAVA_060,Java,different,0,20,DeepSeek-V3,DeepSeek,24.0,10,30-0,1,1,0,0,0,100.0,100.0,,5,5,5,1,1,1,1,5,5,,2025-09-14,Rafael Navas,94.69,Intel Corei5-10400,16 Gb,Windows 11 Pro
